HordeManager.java,application.HordeManager,org.pitest.mutationtest.engine.gregor.mutators.MathMutator,<init>,77,KILLED,application.HordeManagerTest.[engine:junit-jupiter]/[class:application.HordeManagerTest]/[method:spawnsBeyondTheWorldAreClampedToItsMarginsEvenInNegativeChunks()]
HordeManager.java,application.HordeManager,org.pitest.mutationtest.engine.gregor.mutators.MathMutator,<init>,77,KILLED,application.HordeManagerTest.[engine:junit-jupiter]/[class:application.HordeManagerTest]/[method:spawnsBeyondTheWorldAreClampedToItsMarginsEvenInNegativeChunks()]
HordeManager.java,application.HordeManager,org.pitest.mutationtest.engine.gregor.mutators.MathMutator,<init>,78,KILLED,application.HordeManagerTest.[engine:junit-jupiter]/[class:application.HordeManagerTest]/[method:spawnsSurroundThePlayerInEveryDirection()]
HordeManager.java,application.HordeManager,org.pitest.mutationtest.engine.gregor.mutators.MathMutator,<init>,78,KILLED,application.HordeManagerTest.[engine:junit-jupiter]/[class:application.HordeManagerTest]/[method:spawnsSurroundThePlayerInEveryDirection()]
HordeManager.java,application.HordeManager,org.pitest.mutationtest.engine.gregor.mutators.MathMutator,<init>,78,KILLED,application.HordeManagerTest.[engine:junit-jupiter]/[class:application.HordeManagerTest]/[method:spawnsBeyondTheWorldAreClampedToItsMarginsEvenInNegativeChunks()]
HordeManager.java,application.HordeManager,org.pitest.mutationtest.engine.gregor.mutators.MathMutator,<init>,79,KILLED,application.HordeManagerTest.[engine:junit-jupiter]/[class:application.HordeManagerTest]/[method:spawnsBeyondTheWorldAreClampedToItsMarginsEvenInNegativeChunks()]
HordeManager.java,application.HordeManager,org.pitest.mutationtest.engine.gregor.mutators.MathMutator,<init>,79,KILLED,application.HordeManagerTest.[engine:junit-jupiter]/[class:application.HordeManagerTest]/[method:spawnsNearTheWorldEdgeStayInsideTheWorld()]
HordeManager.java,application.HordeManager,org.pitest.mutationtest.engine.gregor.mutators.MathMutator,<init>,80,KILLED,application.HordeManagerTest.[engine:junit-jupiter]/[class:application.HordeManagerTest]/[method:spawnsSurroundThePlayerInEveryDirection()]
HordeManager.java,application.HordeManager,org.pitest.mutationtest.engine.gregor.mutators.MathMutator,<init>,80,KILLED,application.HordeManagerTest.[engine:junit-jupiter]/[class:application.HordeManagerTest]/[method:sameSeedSpawnsInTheSamePlacesAndOtherSeedDoesNot()]
HordeManager.java,application.HordeManager,org.pitest.mutationtest.engine.gregor.mutators.MathMutator,<init>,80,KILLED,application.HordeManagerTest.[engine:junit-jupiter]/[class:application.HordeManagerTest]/[method:spawnsBeyondTheWorldAreClampedToItsMarginsEvenInNegativeChunks()]
HordeManager.java,application.HordeManager,org.pitest.mutationtest.engine.gregor.mutators.NegateConditionalsMutator,<init>,63,KILLED,application.HordeManagerTest.[engine:junit-jupiter]/[class:application.HordeManagerTest]/[method:rejectsWorldsWithoutChunks()]
HordeManager.java,application.HordeManager,org.pitest.mutationtest.engine.gregor.mutators.returns.PrimitiveReturnsMutator,clamp,175,KILLED,application.HordeManagerTest.[engine:junit-jupiter]/[class:application.HordeManagerTest]/[method:sameSeedSpawnsInTheSamePlacesAndOtherSeedDoesNot()]
HordeManager.java,application.HordeManager,org.pitest.mutationtest.engine.gregor.mutators.returns.PrimitiveReturnsMutator,failedSpawns,199,KILLED,application.HordeManagerTest.[engine:junit-jupiter]/[class:application.HordeManagerTest]/[method:worldWithoutWalkableGroundKeepsEverySpawnPendingUntilGroundReturns()]
HordeManager.java,application.HordeManager,org.pitest.mutationtest.engine.gregor.mutators.returns.PrimitiveReturnsMutator,pendingSpawns,189,KILLED,application.HordeManagerTest.[engine:junit-jupiter]/[class:application.HordeManagerTest]/[method:firstWaveSpawnsBaseCountOneIntervalApart()]
HordeManager.java,application.HordeManager,org.pitest.mutationtest.engine.gregor.mutators.returns.NullReturnValsMutator,phase,179,KILLED,application.HordeManagerTest.[engine:junit-jupiter]/[class:application.HordeManagerTest]/[method:nothingHappensBeforeTheFirstWaveDelay()]
HordeManager.java,application.HordeManager,org.pitest.mutationtest.engine.gregor.mutators.returns.PrimitiveReturnsMutator,remainingInWave,194,KILLED,application.HordeManagerTest.[engine:junit-jupiter]/[class:application.HordeManagerTest]/[method:waveLastsUntilEveryZombieDiedAndDespawned()]
HordeManager.java,application.HordeManager,org.pitest.mutationtest.engine.gregor.mutators.NegateConditionalsMutator,secondsToNextWave,204,KILLED,application.HordeManagerTest.[engine:junit-jupiter]/[class:application.HordeManagerTest]/[method:nothingHappensBeforeTheFirstWaveDelay()]
HordeManager.java,application.HordeManager,org.pitest.mutationtest.engine.gregor.mutators.NegateConditionalsMutator,secondsToNextWave,204,KILLED,application.HordeManagerTest.[engine:junit-jupiter]/[class:application.HordeManagerTest]/[method:firstWaveSpawnsBaseCountOneIntervalApart()]
HordeManager.java,application.HordeManager,org.pitest.mutationtest.engine.gregor.mutators.returns.EmptyObjectReturnValsMutator,sessionZombies,130,KILLED,application.HordeManagerTest.[engine:junit-jupiter]/[class:application.HordeManagerTest]/[method:nextWavesBringExtraZombiesUpToTheCap()]
HordeManager.java,application.HordeManager,org.pitest.mutationtest.engine.gregor.mutators.ConditionalsBoundaryMutator,spawnOne,146,SURVIVED,none
HordeManager.java,application.HordeManager,org.pitest.mutationtest.engine.gregor.mutators.ConditionalsBoundaryMutator,spawnOne,153,SURVIVED,none
HordeManager.java,application.HordeManager,org.pitest.mutationtest.engine.gregor.mutators.ConditionalsBoundaryMutator,spawnOne,154,SURVIVED,none
HordeManager.java,application.HordeManager,org.pitest.mutationtest.engine.gregor.mutators.ConditionalsBoundaryMutator,spawnOne,155,SURVIVED,none
HordeManager.java,application.HordeManager,org.pitest.mutationtest.engine.gregor.mutators.ConditionalsBoundaryMutator,spawnOne,156,SURVIVED,none
HordeManager.java,application.HordeManager,org.pitest.mutationtest.engine.gregor.mutators.ConditionalsBoundaryMutator,spawnOne,159,SURVIVED,none
HordeManager.java,application.HordeManager,org.pitest.mutationtest.engine.gregor.mutators.ConditionalsBoundaryMutator,spawnOne,166,SURVIVED,none
HordeManager.java,application.HordeManager,org.pitest.mutationtest.engine.gregor.mutators.MathMutator,spawnOne,144,SURVIVED,none
HordeManager.java,application.HordeManager,org.pitest.mutationtest.engine.gregor.mutators.MathMutator,spawnOne,145,KILLED,application.HordeManagerTest.[engine:junit-jupiter]/[class:application.HordeManagerTest]/[method:spawnsLandOnTheRingAroundThePlayer()]
HordeManager.java,application.HordeManager,org.pitest.mutationtest.engine.gregor.mutators.MathMutator,spawnOne,147,KILLED,application.HordeManagerTest.[engine:junit-jupiter]/[class:application.HordeManagerTest]/[method:spawnsSurroundThePlayerInEveryDirection()]
HordeManager.java,application.HordeManager,org.pitest.mutationtest.engine.gregor.mutators.MathMutator,spawnOne,147,KILLED,application.HordeManagerTest.[engine:junit-jupiter]/[class:application.HordeManagerTest]/[method:spawnsSurroundThePlayerInEveryDirection()]
HordeManager.java,application.HordeManager,org.pitest.mutationtest.engine.gregor.mutators.MathMutator,spawnOne,148,KILLED,application.HordeManagerTest.[engine:junit-jupiter]/[class:application.HordeManagerTest]/[method:spawnsSurroundThePlayerInEveryDirection()]
HordeManager.java,application.HordeManager,org.pitest.mutationtest.engine.gregor.mutators.MathMutator,spawnOne,148,KILLED,application.HordeManagerTest.[engine:junit-jupiter]/[class:application.HordeManagerTest]/[method:spawnsSurroundThePlayerInEveryDirection()]
HordeManager.java,application.HordeManager,org.pitest.mutationtest.engine.gregor.mutators.MathMutator,spawnOne,150,KILLED,application.HordeManagerTest.[engine:junit-jupiter]/[class:application.HordeManagerTest]/[method:spawnsLandOnTheRingAroundThePlayer()]
HordeManager.java,application.HordeManager,org.pitest.mutationtest.engine.gregor.mutators.MathMutator,spawnOne,150,KILLED,application.HordeManagerTest.[engine:junit-jupiter]/[class:application.HordeManagerTest]/[method:spawnsLandOnTheRingAroundThePlayer()]
HordeManager.java,application.HordeManager,org.pitest.mutationtest.engine.gregor.mutators.MathMutator,spawnOne,153,KILLED,application.HordeManagerTest.[engine:junit-jupiter]/[class:application.HordeManagerTest]/[method:spawnsBeyondTheWorldAreClampedToItsMarginsEvenInNegativeChunks()]
HordeManager.java,application.HordeManager,org.pitest.mutationtest.engine.gregor.mutators.MathMutator,spawnOne,153,KILLED,application.HordeManagerTest.[engine:junit-jupiter]/[class:application.HordeManagerTest]/[method:spawnsBeyondTheWorldAreClampedToItsMarginsEvenInNegativeChunks()]
HordeManager.java,application.HordeManager,org.pitest.mutationtest.engine.gregor.mutators.MathMutator,spawnOne,154,KILLED,application.HordeManagerTest.[engine:junit-jupiter]/[class:application.HordeManagerTest]/[method:spawnsSurroundThePlayerInEveryDirection()]
HordeManager.java,application.HordeManager,org.pitest.mutationtest.engine.gregor.mutators.MathMutator,spawnOne,154,SURVIVED,none
HordeManager.java,application.HordeManager,org.pitest.mutationtest.engine.gregor.mutators.MathMutator,spawnOne,155,KILLED,application.HordeManagerTest.[engine:junit-jupiter]/[class:application.HordeManagerTest]/[method:spawnsBeyondTheWorldAreClampedToItsMarginsEvenInNegativeChunks()]
HordeManager.java,application.HordeManager,org.pitest.mutationtest.engine.gregor.mutators.MathMutator,spawnOne,155,SURVIVED,none
HordeManager.java,application.HordeManager,org.pitest.mutationtest.engine.gregor.mutators.MathMutator,spawnOne,156,KILLED,application.HordeManagerTest.[engine:junit-jupiter]/[class:application.HordeManagerTest]/[method:spawnsSurroundThePlayerInEveryDirection()]
HordeManager.java,application.HordeManager,org.pitest.mutationtest.engine.gregor.mutators.MathMutator,spawnOne,156,SURVIVED,none
HordeManager.java,application.HordeManager,org.pitest.mutationtest.engine.gregor.mutators.MathMutator,spawnOne,157,KILLED,application.HordeManagerTest.[engine:junit-jupiter]/[class:application.HordeManagerTest]/[method:spawnsNearTheWorldEdgeStayInsideTheWorld()]
HordeManager.java,application.HordeManager,org.pitest.mutationtest.engine.gregor.mutators.MathMutator,spawnOne,157,KILLED,application.HordeManagerTest.[engine:junit-jupiter]/[class:application.HordeManagerTest]/[method:spawnsNearTheWorldEdgeStayInsideTheWorld()]
HordeManager.java,application.HordeManager,org.pitest.mutationtest.engine.gregor.mutators.MathMutator,spawnOne,158,SURVIVED,none
HordeManager.java,application.HordeManager,org.pitest.mutationtest.engine.gregor.mutators.MathMutator,spawnOne,158,SURVIVED,none
HordeManager.java,application.HordeManager,org.pitest.mutationtest.engine.gregor.mutators.MathMutator,spawnOne,159,KILLED,application.HordeSpawnSafetyTest.[engine:junit-jupiter]/[class:application.HordeSpawnSafetyTest]/[method:playerOnEastBoundaryNeverReceivesAZombieOnTheirBody()]
HordeManager.java,application.HordeManager,org.pitest.mutationtest.engine.gregor.mutators.MathMutator,spawnOne,159,KILLED,application.HordeSpawnSafetyTest.[engine:junit-jupiter]/[class:application.HordeSpawnSafetyTest]/[method:playerOnEastBoundaryNeverReceivesAZombieOnTheirBody()]
HordeManager.java,application.HordeManager,org.pitest.mutationtest.engine.gregor.mutators.MathMutator,spawnOne,166,KILLED,application.HordeManagerTest.[engine:junit-jupiter]/[class:application.HordeManagerTest]/[method:worldWithoutWalkableGroundKeepsEverySpawnPendingUntilGroundReturns()]
HordeManager.java,application.HordeManager,org.pitest.mutationtest.engine.gregor.mutators.NegateConditionalsMutator,spawnOne,146,KILLED,application.HordeManagerTest.[engine:junit-jupiter]/[class:application.HordeManagerTest]/[method:sameSeedSpawnsInTheSamePlacesAndOtherSeedDoesNot()]
HordeManager.java,application.HordeManager,org.pitest.mutationtest.engine.gregor.mutators.NegateConditionalsMutator,spawnOne,153,KILLED,application.HordeManagerTest.[engine:junit-jupiter]/[class:application.HordeManagerTest]/[method:spawnsSurroundThePlayerInEveryDirection()]
HordeManager.java,application.HordeManager,org.pitest.mutationtest.engine.gregor.mutators.NegateConditionalsMutator,spawnOne,154,KILLED,application.HordeManagerTest.[engine:junit-jupiter]/[class:application.HordeManagerTest]/[method:spawnsSurroundThePlayerInEveryDirection()]
HordeManager.java,application.HordeManager,org.pitest.mutationtest.engine.gregor.mutators.NegateConditionalsMutator,spawnOne,155,KILLED,application.HordeManagerTest.[engine:junit-jupiter]/[class:application.HordeManagerTest]/[method:spawnsSurroundThePlayerInEveryDirection()]
HordeManager.java,application.HordeManager,org.pitest.mutationtest.engine.gregor.mutators.NegateConditionalsMutator,spawnOne,156,KILLED,application.HordeManagerTest.[engine:junit-jupiter]/[class:application.HordeManagerTest]/[method:spawnsSurroundThePlayerInEveryDirection()]
HordeManager.java,application.HordeManager,org.pitest.mutationtest.engine.gregor.mutators.NegateConditionalsMutator,spawnOne,159,KILLED,application.HordeManagerTest.[engine:junit-jupiter]/[class:application.HordeManagerTest]/[method:sameSeedSpawnsInTheSamePlacesAndOtherSeedDoesNot()]
HordeManager.java,application.HordeManager,org.pitest.mutationtest.engine.gregor.mutators.NegateConditionalsMutator,spawnOne,162,KILLED,application.HordeManagerTest.[engine:junit-jupiter]/[class:application.HordeManagerTest]/[method:nextWavesBringExtraZombiesUpToTheCap()]
HordeManager.java,application.HordeManager,org.pitest.mutationtest.engine.gregor.mutators.NegateConditionalsMutator,spawnOne,166,KILLED,application.HordeManagerTest.[engine:junit-jupiter]/[class:application.HordeManagerTest]/[method:worldWithoutWalkableGroundKeepsEverySpawnPendingUntilGroundReturns()]
HordeManager.java,application.HordeManager,org.pitest.mutationtest.engine.gregor.mutators.returns.BooleanFalseReturnValsMutator,spawnOne,163,KILLED,application.HordeManagerTest.[engine:junit-jupiter]/[class:application.HordeManagerTest]/[method:nextWavesBringExtraZombiesUpToTheCap()]
HordeManager.java,application.HordeManager,org.pitest.mutationtest.engine.gregor.mutators.returns.BooleanTrueReturnValsMutator,spawnOne,167,KILLED,application.HordeManagerTest.[engine:junit-jupiter]/[class:application.HordeManagerTest]/[method:worldWithoutWalkableGroundKeepsEverySpawnPendingUntilGroundReturns()]
HordeManager.java,application.HordeManager,org.pitest.mutationtest.engine.gregor.mutators.MathMutator,spawnSeed,171,KILLED,application.HordeManagerTest.[engine:junit-jupiter]/[class:application.HordeManagerTest]/[method:zombiesOfOneWaveAndOfConsecutiveWavesDoNotShareSpots()]
HordeManager.java,application.HordeManager,org.pitest.mutationtest.engine.gregor.mutators.MathMutator,spawnSeed,171,SURVIVED,none
HordeManager.java,application.HordeManager,org.pitest.mutationtest.engine.gregor.mutators.MathMutator,spawnSeed,171,KILLED,application.HordeManagerTest.[engine:junit-jupiter]/[class:application.HordeManagerTest]/[method:spawnsNearTheWorldEdgeStayInsideTheWorld()]
HordeManager.java,application.HordeManager,org.pitest.mutationtest.engine.gregor.mutators.MathMutator,spawnSeed,171,KILLED,application.HordeManagerTest.[engine:junit-jupiter]/[class:application.HordeManagerTest]/[method:zombiesOfOneWaveAndOfConsecutiveWavesDoNotShareSpots()]
HordeManager.java,application.HordeManager,org.pitest.mutationtest.engine.gregor.mutators.returns.PrimitiveReturnsMutator,spawnSeed,171,KILLED,application.HordeManagerTest.[engine:junit-jupiter]/[class:application.HordeManagerTest]/[method:sameSeedSpawnsInTheSamePlacesAndOtherSeedDoesNot()]
HordeManager.java,application.HordeManager,org.pitest.mutationtest.engine.gregor.mutators.ConditionalsBoundaryMutator,startNextWave,134,SURVIVED,none
HordeManager.java,application.HordeManager,org.pitest.mutationtest.engine.gregor.mutators.MathMutator,startNextWave,134,KILLED,application.HordeManagerTest.[engine:junit-jupiter]/[class:application.HordeManagerTest]/[method:enemiesOffFreezesTheHorde()]
HordeManager.java,application.HordeManager,org.pitest.mutationtest.engine.gregor.mutators.NegateConditionalsMutator,startNextWave,134,KILLED,application.HordeManagerTest.[engine:junit-jupiter]/[class:application.HordeManagerTest]/[method:enemiesOffFreezesTheHorde()]
HordeManager.java,application.HordeManager,org.pitest.mutationtest.engine.gregor.mutators.ConditionalsBoundaryMutator,update,89,KILLED,application.HordeManagerTest.[engine:junit-jupiter]/[class:application.HordeManagerTest]/[method:zeroDeltaNeverAdvancesTheHorde()]
HordeManager.java,application.HordeManager,org.pitest.mutationtest.engine.gregor.mutators.ConditionalsBoundaryMutator,update,94,KILLED,application.HordeManagerTest.[engine:junit-jupiter]/[class:application.HordeManagerTest]/[method:enemiesOffFreezesTheHorde()]
HordeManager.java,application.HordeManager,org.pitest.mutationtest.engine.gregor.mutators.ConditionalsBoundaryMutator,update,103,KILLED,application.HordeManagerTest.[engine:junit-jupiter]/[class:application.HordeManagerTest]/[method:spawnsNearTheWorldEdgeStayInsideTheWorld()]
HordeManager.java,application.HordeManager,org.pitest.mutationtest.engine.gregor.mutators.ConditionalsBoundaryMutator,update,103,KILLED,application.HordeManagerTest.[engine:junit-jupiter]/[class:application.HordeManagerTest]/[method:nextWavesBringExtraZombiesUpToTheCap()]
HordeManager.java,application.HordeManager,org.pitest.mutationtest.engine.gregor.mutators.ConditionalsBoundaryMutator,update,103,KILLED,application.HordeSpawnSafetyTest.[engine:junit-jupiter]/[class:application.HordeSpawnSafetyTest]/[method:instantLargeWavesKeepPendingSpawnsAfterBoundedFrameBudget()]
HordeManager.java,application.HordeManager,org.pitest.mutationtest.engine.gregor.mutators.ConditionalsBoundaryMutator,update,112,KILLED,application.HordeManagerTest.[engine:junit-jupiter]/[class:application.HordeManagerTest]/[method:nextWavesBringExtraZombiesUpToTheCap()]
HordeManager.java,application.HordeManager,org.pitest.mutationtest.engine.gregor.mutators.IncrementsMutator,update,103,KILLED,application.HordeSpawnSafetyTest.[engine:junit-jupiter]/[class:application.HordeSpawnSafetyTest]/[method:instantLargeWavesKeepPendingSpawnsAfterBoundedFrameBudget()]
HordeManager.java,application.HordeManager,org.pitest.mutationtest.engine.gregor.mutators.MathMutator,update,93,KILLED,application.HordeManagerTest.[engine:junit-jupiter]/[class:application.HordeManagerTest]/[method:nothingHappensBeforeTheFirstWaveDelay()]
HordeManager.java,application.HordeManager,org.pitest.mutationtest.engine.gregor.mutators.MathMutator,update,99,KILLED,application.HordeManagerTest.[engine:junit-jupiter]/[class:application.HordeManagerTest]/[method:zombiesOfOneWaveAndOfConsecutiveWavesDoNotShareSpots()]
HordeManager.java,application.HordeManager,org.pitest.mutationtest.engine.gregor.mutators.MathMutator,update,109,KILLED,application.HordeManagerTest.[engine:junit-jupiter]/[class:application.HordeManagerTest]/[method:nextWavesBringExtraZombiesUpToTheCap()]
HordeManager.java,application.HordeManager,org.pitest.mutationtest.engine.gregor.mutators.MathMutator,update,110,KILLED,application.HordeManagerTest.[engine:junit-jupiter]/[class:application.HordeManagerTest]/[method:pauseDoesNotStartTheNextWaveEarly()]
HordeManager.java,application.HordeManager,org.pitest.mutationtest.engine.gregor.mutators.NegateConditionalsMutator,update,89,KILLED,application.HordeManagerTest.[engine:junit-jupiter]/[class:application.HordeManagerTest]/[method:nothingHappensBeforeTheFirstWaveDelay()]
HordeManager.java,application.HordeManager,org.pitest.mutationtest.engine.gregor.mutators.NegateConditionalsMutator,update,89,KILLED,application.HordeManagerTest.[engine:junit-jupiter]/[class:application.HordeManagerTest]/[method:nothingHappensBeforeTheFirstWaveDelay()]
HordeManager.java,application.HordeManager,org.pitest.mutationtest.engine.gregor.mutators.NegateConditionalsMutator,update,92,KILLED,application.HordeManagerTest.[engine:junit-jupiter]/[class:application.HordeManagerTest]/[method:nothingHappensBeforeTheFirstWaveDelay()]
HordeManager.java,application.HordeManager,org.pitest.mutationtest.engine.gregor.mutators.NegateConditionalsMutator,update,92,KILLED,application.HordeManagerTest.[engine:junit-jupiter]/[class:application.HordeManagerTest]/[method:nextWavesBringExtraZombiesUpToTheCap()]
HordeManager.java,application.HordeManager,org.pitest.mutationtest.engine.gregor.mutators.NegateConditionalsMutator,update,94,KILLED,application.HordeManagerTest.[engine:junit-jupiter]/[class:application.HordeManagerTest]/[method:nothingHappensBeforeTheFirstWaveDelay()]
HordeManager.java,application.HordeManager,org.pitest.mutationtest.engine.gregor.mutators.NegateConditionalsMutator,update,98,KILLED,application.HordeManagerTest.[engine:junit-jupiter]/[class:application.HordeManagerTest]/[method:nextWavesBringExtraZombiesUpToTheCap()]
HordeManager.java,application.HordeManager,org.pitest.mutationtest.engine.gregor.mutators.NegateConditionalsMutator,update,101,KILLED,application.HordeManagerTest.[engine:junit-jupiter]/[class:application.HordeManagerTest]/[method:sameSeedSpawnsInTheSamePlacesAndOtherSeedDoesNot()]
HordeManager.java,application.HordeManager,org.pitest.mutationtest.engine.gregor.mutators.NegateConditionalsMutator,update,103,KILLED,application.HordeManagerTest.[engine:junit-jupiter]/[class:application.HordeManagerTest]/[method:sameSeedSpawnsInTheSamePlacesAndOtherSeedDoesNot()]
HordeManager.java,application.HordeManager,org.pitest.mutationtest.engine.gregor.mutators.NegateConditionalsMutator,update,103,KILLED,application.HordeManagerTest.[engine:junit-jupiter]/[class:application.HordeManagerTest]/[method:sameSeedSpawnsInTheSamePlacesAndOtherSeedDoesNot()]
HordeManager.java,application.HordeManager,org.pitest.mutationtest.engine.gregor.mutators.NegateConditionalsMutator,update,103,KILLED,application.HordeManagerTest.[engine:junit-jupiter]/[class:application.HordeManagerTest]/[method:sameSeedSpawnsInTheSamePlacesAndOtherSeedDoesNot()]
HordeManager.java,application.HordeManager,org.pitest.mutationtest.engine.gregor.mutators.NegateConditionalsMutator,update,104,KILLED,application.HordeManagerTest.[engine:junit-jupiter]/[class:application.HordeManagerTest]/[method:nextWavesBringExtraZombiesUpToTheCap()]
HordeManager.java,application.HordeManager,org.pitest.mutationtest.engine.gregor.mutators.NegateConditionalsMutator,update,112,KILLED,application.HordeManagerTest.[engine:junit-jupiter]/[class:application.HordeManagerTest]/[method:nextWavesBringExtraZombiesUpToTheCap()]
HordeManager.java,application.HordeManager,org.pitest.mutationtest.engine.gregor.mutators.NegateConditionalsMutator,update,117,KILLED,application.HordeManagerTest.[engine:junit-jupiter]/[class:application.HordeManagerTest]/[method:nextWavesBringExtraZombiesUpToTheCap()]
HordeManager.java,application.HordeManager,org.pitest.mutationtest.engine.gregor.mutators.NegateConditionalsMutator,update,119,KILLED,application.HordeManagerTest.[engine:junit-jupiter]/[class:application.HordeManagerTest]/[method:nextWavesBringExtraZombiesUpToTheCap()]
HordeManager.java,application.HordeManager,org.pitest.mutationtest.engine.gregor.mutators.VoidMethodCallMutator,update,97,KILLED,application.HordeManagerTest.[engine:junit-jupiter]/[class:application.HordeManagerTest]/[method:enemiesOffFreezesTheHorde()]
HordeManager.java,application.HordeManager,org.pitest.mutationtest.engine.gregor.mutators.returns.PrimitiveReturnsMutator,wave,184,KILLED,application.HordeManagerTest.[engine:junit-jupiter]/[class:application.HordeManagerTest]/[method:enemiesOffFreezesTheHorde()]
AStarPathfinder.java,domain.enemy.AStarPathfinder,org.pitest.mutationtest.engine.gregor.mutators.ConditionalsBoundaryMutator,<init>,36,SURVIVED,none
AStarPathfinder.java,domain.enemy.AStarPathfinder,org.pitest.mutationtest.engine.gregor.mutators.NegateConditionalsMutator,<init>,36,KILLED,domain.enemy.AStarPathfinderTest.[engine:junit-jupiter]/[class:domain.enemy.AStarPathfinderTest]/[method:startEqualsGoalReturnsSingleNodePath()]
AStarPathfinder.java,domain.enemy.AStarPathfinder,org.pitest.mutationtest.engine.gregor.mutators.ConditionalsBoundaryMutator,findPath,77,KILLED,domain.enemy.AStarPathfinderTest.[engine:junit-jupiter]/[class:domain.enemy.AStarPathfinderTest]/[method:expansionBudgetStopsSearchWithoutRoute()]
AStarPathfinder.java,domain.enemy.AStarPathfinder,org.pitest.mutationtest.engine.gregor.mutators.ConditionalsBoundaryMutator,findPath,90,SURVIVED,none
AStarPathfinder.java,domain.enemy.AStarPathfinder,org.pitest.mutationtest.engine.gregor.mutators.MathMutator,findPath,46,KILLED,domain.enemy.AStarPathfinderTest.[engine:junit-jupiter]/[class:domain.enemy.AStarPathfinderTest]/[method:straightLineHasOptimalLengthAndEndsAtGoal()]
AStarPathfinder.java,domain.enemy.AStarPathfinder,org.pitest.mutationtest.engine.gregor.mutators.MathMutator,findPath,75,KILLED,domain.enemy.AStarPathfinderTest.[engine:junit-jupiter]/[class:domain.enemy.AStarPathfinderTest]/[method:expansionBudgetStopsSearchWithoutRoute()]
AStarPathfinder.java,domain.enemy.AStarPathfinder,org.pitest.mutationtest.engine.gregor.mutators.MathMutator,findPath,76,SURVIVED,none
AStarPathfinder.java,domain.enemy.AStarPathfinder,org.pitest.mutationtest.engine.gregor.mutators.MathMutator,findPath,86,SURVIVED,none
AStarPathfinder.java,domain.enemy.AStarPathfinder,org.pitest.mutationtest.engine.gregor.mutators.MathMutator,findPath,87,KILLED,domain.enemy.AStarPathfinderTest.[engine:junit-jupiter]/[class:domain.enemy.AStarPathfinderTest]/[method:oneBlockStepIsClimbedWithHigherCostThanFlatGround()]
AStarPathfinder.java,domain.enemy.AStarPathfinder,org.pitest.mutationtest.engine.gregor.mutators.MathMutator,findPath,86,KILLED,domain.enemy.NavigationDiagonalTest.[engine:junit-jupiter]/[class:domain.enemy.NavigationDiagonalTest]/[method:longOpenRouteUsesDiagonalsThenStraightSteps()]
AStarPathfinder.java,domain.enemy.AStarPathfinder,org.pitest.mutationtest.engine.gregor.mutators.MathMutator,findPath,88,SURVIVED,none
AStarPathfinder.java,domain.enemy.AStarPathfinder,org.pitest.mutationtest.engine.gregor.mutators.MathMutator,findPath,88,SURVIVED,none
AStarPathfinder.java,domain.enemy.AStarPathfinder,org.pitest.mutationtest.engine.gregor.mutators.MathMutator,findPath,88,SURVIVED,none
AStarPathfinder.java,domain.enemy.AStarPathfinder,org.pitest.mutationtest.engine.gregor.mutators.NegateConditionalsMutator,findPath,49,KILLED,domain.enemy.AStarPathfinderTest.[engine:junit-jupiter]/[class:domain.enemy.AStarPathfinderTest]/[method:startEqualsGoalReturnsSingleNodePath()]
AStarPathfinder.java,domain.enemy.AStarPathfinder,org.pitest.mutationtest.engine.gregor.mutators.NegateConditionalsMutator,findPath,49,KILLED,domain.enemy.AStarPathfinderTest.[engine:junit-jupiter]/[class:domain.enemy.AStarPathfinderTest]/[method:startEqualsGoalReturnsSingleNodePath()]
AStarPathfinder.java,domain.enemy.AStarPathfinder,org.pitest.mutationtest.engine.gregor.mutators.NegateConditionalsMutator,findPath,52,KILLED,domain.enemy.AStarPathfinderTest.[engine:junit-jupiter]/[class:domain.enemy.AStarPathfinderTest]/[method:enclosedGoalHasNoPathAndDoesNotFakeOne()]
AStarPathfinder.java,domain.enemy.AStarPathfinder,org.pitest.mutationtest.engine.gregor.mutators.NegateConditionalsMutator,findPath,65,KILLED,domain.enemy.AStarPathfinderTest.[engine:junit-jupiter]/[class:domain.enemy.AStarPathfinderTest]/[method:expansionBudgetStopsSearchWithoutRoute()]
AStarPathfinder.java,domain.enemy.AStarPathfinder,org.pitest.mutationtest.engine.gregor.mutators.NegateConditionalsMutator,findPath,68,KILLED,domain.enemy.AStarPathfinderTest.[engine:junit-jupiter]/[class:domain.enemy.AStarPathfinderTest]/[method:expansionBudgetStopsSearchWithoutRoute()]
AStarPathfinder.java,domain.enemy.AStarPathfinder,org.pitest.mutationtest.engine.gregor.mutators.NegateConditionalsMutator,findPath,71,KILLED,domain.enemy.AStarPathfinderTest.[engine:junit-jupiter]/[class:domain.enemy.AStarPathfinderTest]/[method:enclosedGoalHasNoPathAndDoesNotFakeOne()]
AStarPathfinder.java,domain.enemy.AStarPathfinder,org.pitest.mutationtest.engine.gregor.mutators.NegateConditionalsMutator,findPath,77,KILLED,domain.enemy.AStarPathfinderTest.[engine:junit-jupiter]/[class:domain.enemy.AStarPathfinderTest]/[method:expansionBudgetStopsSearchWithoutRoute()]
AStarPathfinder.java,domain.enemy.AStarPathfinder,org.pitest.mutationtest.engine.gregor.mutators.NegateConditionalsMutator,findPath,83,KILLED,domain.enemy.AStarPathfinderTest.[engine:junit-jupiter]/[class:domain.enemy.AStarPathfinderTest]/[method:expansionBudgetStopsSearchWithoutRoute()]
AStarPathfinder.java,domain.enemy.AStarPathfinder,org.pitest.mutationtest.engine.gregor.mutators.NegateConditionalsMutator,findPath,90,KILLED,domain.enemy.AStarPathfinderTest.[engine:junit-jupiter]/[class:domain.enemy.AStarPathfinderTest]/[method:enclosedGoalHasNoPathAndDoesNotFakeOne()]
AStarPathfinder.java,domain.enemy.AStarPathfinder,org.pitest.mutationtest.engine.gregor.mutators.NegateConditionalsMutator,findPath,90,KILLED,domain.enemy.AStarPathfinderTest.[engine:junit-jupiter]/[class:domain.enemy.AStarPathfinderTest]/[method:twoBlockCliffIsAvoidedInFavorOfLongerFlatDetour()]
AStarPathfinder.java,domain.enemy.AStarPathfinder,org.pitest.mutationtest.engine.gregor.mutators.returns.EmptyObjectReturnValsMutator,findPath,53,KILLED,domain.enemy.AStarPathfinderTest.[engine:junit-jupiter]/[class:domain.enemy.AStarPathfinderTest]/[method:startEqualsGoalReturnsSingleNodePath()]
AStarPathfinder.java,domain.enemy.AStarPathfinder,org.pitest.mutationtest.engine.gregor.mutators.returns.EmptyObjectReturnValsMutator,findPath,72,KILLED,domain.enemy.AStarPathfinderTest.[engine:junit-jupiter]/[class:domain.enemy.AStarPathfinderTest]/[method:straightLineHasOptimalLengthAndEndsAtGoal()]
AStarPathfinder.java,domain.enemy.AStarPathfinder,org.pitest.mutationtest.engine.gregor.mutators.returns.PrimitiveReturnsMutator,getLastExpansions,119,KILLED,domain.enemy.AStarPathfinderTest.[engine:junit-jupiter]/[class:domain.enemy.AStarPathfinderTest]/[method:expansionBudgetStopsSearchWithoutRoute()]
AStarPathfinder.java,domain.enemy.AStarPathfinder,org.pitest.mutationtest.engine.gregor.mutators.returns.PrimitiveReturnsMutator,getSearchCount,115,KILLED,domain.enemy.AStarPathfinderTest.[engine:junit-jupiter]/[class:domain.enemy.AStarPathfinderTest]/[method:straightLineHasOptimalLengthAndEndsAtGoal()]
AStarPathfinder.java,domain.enemy.AStarPathfinder,org.pitest.mutationtest.engine.gregor.mutators.returns.PrimitiveReturnsMutator,getTotalExpansions,123,NO_COVERAGE,none
AStarPathfinder.java,domain.enemy.AStarPathfinder,org.pitest.mutationtest.engine.gregor.mutators.ConditionalsBoundaryMutator,reconstruct,107,KILLED,domain.enemy.AStarPathfinderTest.[engine:junit-jupiter]/[class:domain.enemy.AStarPathfinderTest]/[method:straightLineHasOptimalLengthAndEndsAtGoal()]
AStarPathfinder.java,domain.enemy.AStarPathfinder,org.pitest.mutationtest.engine.gregor.mutators.MathMutator,reconstruct,107,KILLED,domain.enemy.AStarPathfinderTest.[engine:junit-jupiter]/[class:domain.enemy.AStarPathfinderTest]/[method:straightLineHasOptimalLengthAndEndsAtGoal()]
AStarPathfinder.java,domain.enemy.AStarPathfinder,org.pitest.mutationtest.engine.gregor.mutators.NegateConditionalsMutator,reconstruct,103,KILLED,domain.enemy.AStarPathfinderTest.[engine:junit-jupiter]/[class:domain.enemy.AStarPathfinderTest]/[method:straightLineHasOptimalLengthAndEndsAtGoal()]
AStarPathfinder.java,domain.enemy.AStarPathfinder,org.pitest.mutationtest.engine.gregor.mutators.NegateConditionalsMutator,reconstruct,107,KILLED,domain.enemy.AStarPathfinderTest.[engine:junit-jupiter]/[class:domain.enemy.AStarPathfinderTest]/[method:straightLineHasOptimalLengthAndEndsAtGoal()]
AStarPathfinder.java,domain.enemy.AStarPathfinder,org.pitest.mutationtest.engine.gregor.mutators.returns.EmptyObjectReturnValsMutator,reconstruct,110,KILLED,domain.enemy.AStarPathfinderTest.[engine:junit-jupiter]/[class:domain.enemy.AStarPathfinderTest]/[method:straightLineHasOptimalLengthAndEndsAtGoal()]
WaveRules.java,domain.enemy.WaveRules,org.pitest.mutationtest.engine.gregor.mutators.ConditionalsBoundaryMutator,<init>,37,KILLED,domain.enemy.WaveRulesTest.[engine:junit-jupiter]/[class:domain.enemy.WaveRulesTest]/[method:acceptsBoundaryValues()]
WaveRules.java,domain.enemy.WaveRules,org.pitest.mutationtest.engine.gregor.mutators.ConditionalsBoundaryMutator,<init>,37,KILLED,domain.enemy.WaveRulesTest.[engine:junit-jupiter]/[class:domain.enemy.WaveRulesTest]/[method:acceptsBoundaryValues()]
WaveRules.java,domain.enemy.WaveRules,org.pitest.mutationtest.engine.gregor.mutators.ConditionalsBoundaryMutator,<init>,37,KILLED,domain.enemy.WaveRulesTest.[engine:junit-jupiter]/[class:domain.enemy.WaveRulesTest]/[method:acceptsBoundaryValues()]
WaveRules.java,domain.enemy.WaveRules,org.pitest.mutationtest.engine.gregor.mutators.ConditionalsBoundaryMutator,<init>,40,KILLED,domain.enemy.WaveRulesTest.[engine:junit-jupiter]/[class:domain.enemy.WaveRulesTest]/[method:acceptsBoundaryValues()]
WaveRules.java,domain.enemy.WaveRules,org.pitest.mutationtest.engine.gregor.mutators.ConditionalsBoundaryMutator,<init>,43,KILLED,domain.enemy.WaveRulesTest.[engine:junit-jupiter]/[class:domain.enemy.WaveRulesTest]/[method:rejectsInconsistentRules()]
WaveRules.java,domain.enemy.WaveRules,org.pitest.mutationtest.engine.gregor.mutators.ConditionalsBoundaryMutator,<init>,43,KILLED,domain.enemy.WaveRulesTest.[engine:junit-jupiter]/[class:domain.enemy.WaveRulesTest]/[method:acceptsBoundaryValues()]
WaveRules.java,domain.enemy.WaveRules,org.pitest.mutationtest.engine.gregor.mutators.ConditionalsBoundaryMutator,<init>,43,KILLED,domain.enemy.WaveRulesTest.[engine:junit-jupiter]/[class:domain.enemy.WaveRulesTest]/[method:acceptsBoundaryValues()]
WaveRules.java,domain.enemy.WaveRules,org.pitest.mutationtest.engine.gregor.mutators.ConditionalsBoundaryMutator,<init>,46,KILLED,domain.enemy.WaveRulesTest.[engine:junit-jupiter]/[class:domain.enemy.WaveRulesTest]/[method:rejectsInconsistentRules()]
WaveRules.java,domain.enemy.WaveRules,org.pitest.mutationtest.engine.gregor.mutators.ConditionalsBoundaryMutator,<init>,46,KILLED,domain.enemy.WaveRulesTest.[engine:junit-jupiter]/[class:domain.enemy.WaveRulesTest]/[method:acceptsBoundaryValues()]
WaveRules.java,domain.enemy.WaveRules,org.pitest.mutationtest.engine.gregor.mutators.NegateConditionalsMutator,<init>,37,KILLED,domain.enemy.WaveRulesTest.[engine:junit-jupiter]/[class:domain.enemy.WaveRulesTest]/[method:acceptsBoundaryValues()]
WaveRules.java,domain.enemy.WaveRules,org.pitest.mutationtest.engine.gregor.mutators.NegateConditionalsMutator,<init>,37,KILLED,domain.enemy.WaveRulesTest.[engine:junit-jupiter]/[class:domain.enemy.WaveRulesTest]/[method:acceptsBoundaryValues()]
WaveRules.java,domain.enemy.WaveRules,org.pitest.mutationtest.engine.gregor.mutators.NegateConditionalsMutator,<init>,37,KILLED,domain.enemy.WaveRulesTest.[engine:junit-jupiter]/[class:domain.enemy.WaveRulesTest]/[method:acceptsBoundaryValues()]
WaveRules.java,domain.enemy.WaveRules,org.pitest.mutationtest.engine.gregor.mutators.NegateConditionalsMutator,<init>,40,KILLED,domain.enemy.WaveRulesTest.[engine:junit-jupiter]/[class:domain.enemy.WaveRulesTest]/[method:acceptsBoundaryValues()]
WaveRules.java,domain.enemy.WaveRules,org.pitest.mutationtest.engine.gregor.mutators.NegateConditionalsMutator,<init>,43,KILLED,domain.enemy.WaveRulesTest.[engine:junit-jupiter]/[class:domain.enemy.WaveRulesTest]/[method:acceptsBoundaryValues()]
WaveRules.java,domain.enemy.WaveRules,org.pitest.mutationtest.engine.gregor.mutators.NegateConditionalsMutator,<init>,43,KILLED,domain.enemy.WaveRulesTest.[engine:junit-jupiter]/[class:domain.enemy.WaveRulesTest]/[method:acceptsBoundaryValues()]
WaveRules.java,domain.enemy.WaveRules,org.pitest.mutationtest.engine.gregor.mutators.NegateConditionalsMutator,<init>,43,KILLED,domain.enemy.WaveRulesTest.[engine:junit-jupiter]/[class:domain.enemy.WaveRulesTest]/[method:acceptsBoundaryValues()]
WaveRules.java,domain.enemy.WaveRules,org.pitest.mutationtest.engine.gregor.mutators.NegateConditionalsMutator,<init>,46,KILLED,domain.enemy.WaveRulesTest.[engine:junit-jupiter]/[class:domain.enemy.WaveRulesTest]/[method:acceptsBoundaryValues()]
WaveRules.java,domain.enemy.WaveRules,org.pitest.mutationtest.engine.gregor.mutators.NegateConditionalsMutator,<init>,46,KILLED,domain.enemy.WaveRulesTest.[engine:junit-jupiter]/[class:domain.enemy.WaveRulesTest]/[method:acceptsBoundaryValues()]
WaveRules.java,domain.enemy.WaveRules,org.pitest.mutationtest.engine.gregor.mutators.ConditionalsBoundaryMutator,countFor,53,KILLED,domain.enemy.WaveRulesTest.[engine:junit-jupiter]/[class:domain.enemy.WaveRulesTest]/[method:eachWaveAddsExtraZombiesUntilTheCap()]
WaveRules.java,domain.enemy.WaveRules,org.pitest.mutationtest.engine.gregor.mutators.ConditionalsBoundaryMutator,countFor,62,KILLED,domain.enemy.WaveRulesTest.[engine:junit-jupiter]/[class:domain.enemy.WaveRulesTest]/[method:explicitMultiplierDoublesWavesAndSaturatesWithoutOverflow()]
WaveRules.java,domain.enemy.WaveRules,org.pitest.mutationtest.engine.gregor.mutators.ConditionalsBoundaryMutator,countFor,62,SURVIVED,none
WaveRules.java,domain.enemy.WaveRules,org.pitest.mutationtest.engine.gregor.mutators.MathMutator,countFor,57,KILLED,domain.enemy.WaveRulesTest.[engine:junit-jupiter]/[class:domain.enemy.WaveRulesTest]/[method:eachWaveAddsExtraZombiesUntilTheCap()]
WaveRules.java,domain.enemy.WaveRules,org.pitest.mutationtest.engine.gregor.mutators.MathMutator,countFor,57,KILLED,domain.enemy.WaveRulesTest.[engine:junit-jupiter]/[class:domain.enemy.WaveRulesTest]/[method:acceptsBoundaryValues()]
WaveRules.java,domain.enemy.WaveRules,org.pitest.mutationtest.engine.gregor.mutators.MathMutator,countFor,57,KILLED,domain.enemy.WaveRulesTest.[engine:junit-jupiter]/[class:domain.enemy.WaveRulesTest]/[method:eachWaveAddsExtraZombiesUntilTheCap()]
WaveRules.java,domain.enemy.WaveRules,org.pitest.mutationtest.engine.gregor.mutators.MathMutator,countFor,63,KILLED,domain.enemy.WaveRulesTest.[engine:junit-jupiter]/[class:domain.enemy.WaveRulesTest]/[method:explicitMultiplierDoublesWavesAndSaturatesWithoutOverflow()]
WaveRules.java,domain.enemy.WaveRules,org.pitest.mutationtest.engine.gregor.mutators.MathMutator,countFor,63,SURVIVED,none
WaveRules.java,domain.enemy.WaveRules,org.pitest.mutationtest.engine.gregor.mutators.NegateConditionalsMutator,countFor,53,KILLED,domain.enemy.WaveRulesTest.[engine:junit-jupiter]/[class:domain.enemy.WaveRulesTest]/[method:eachWaveAddsExtraZombiesUntilTheCap()]
WaveRules.java,domain.enemy.WaveRules,org.pitest.mutationtest.engine.gregor.mutators.NegateConditionalsMutator,countFor,56,KILLED,domain.enemy.WaveRulesTest.[engine:junit-jupiter]/[class:domain.enemy.WaveRulesTest]/[method:explicitMultiplierDoublesWavesAndSaturatesWithoutOverflow()]
WaveRules.java,domain.enemy.WaveRules,org.pitest.mutationtest.engine.gregor.mutators.NegateConditionalsMutator,countFor,62,KILLED,domain.enemy.WaveRulesTest.[engine:junit-jupiter]/[class:domain.enemy.WaveRulesTest]/[method:explicitMultiplierDoublesWavesAndSaturatesWithoutOverflow()]
WaveRules.java,domain.enemy.WaveRules,org.pitest.mutationtest.engine.gregor.mutators.NegateConditionalsMutator,countFor,62,KILLED,domain.enemy.WaveRulesTest.[engine:junit-jupiter]/[class:domain.enemy.WaveRulesTest]/[method:explicitMultiplierDoublesWavesAndSaturatesWithoutOverflow()]
WaveRules.java,domain.enemy.WaveRules,org.pitest.mutationtest.engine.gregor.mutators.returns.PrimitiveReturnsMutator,countFor,58,KILLED,domain.enemy.WaveRulesTest.[engine:junit-jupiter]/[class:domain.enemy.WaveRulesTest]/[method:acceptsBoundaryValues()]
WaveRules.java,domain.enemy.WaveRules,org.pitest.mutationtest.engine.gregor.mutators.returns.PrimitiveReturnsMutator,countFor,65,KILLED,domain.enemy.WaveRulesTest.[engine:junit-jupiter]/[class:domain.enemy.WaveRulesTest]/[method:explicitMultiplierDoublesWavesAndSaturatesWithoutOverflow()]
ZombieStateMachine.java,domain.enemy.ZombieStateMachine,org.pitest.mutationtest.engine.gregor.mutators.ConditionalsBoundaryMutator,<init>,19,KILLED,domain.enemy.ZombieStateMachineTest.[engine:junit-jupiter]/[class:domain.enemy.ZombieStateMachineTest]/[method:rangesMustBeOrderedAndPositive()]
ZombieStateMachine.java,domain.enemy.ZombieStateMachine,org.pitest.mutationtest.engine.gregor.mutators.ConditionalsBoundaryMutator,<init>,19,SURVIVED,none
ZombieStateMachine.java,domain.enemy.ZombieStateMachine,org.pitest.mutationtest.engine.gregor.mutators.ConditionalsBoundaryMutator,<init>,19,SURVIVED,none
ZombieStateMachine.java,domain.enemy.ZombieStateMachine,org.pitest.mutationtest.engine.gregor.mutators.NegateConditionalsMutator,<init>,19,KILLED,domain.enemy.ZombieStateMachineTest.[engine:junit-jupiter]/[class:domain.enemy.ZombieStateMachineTest]/[method:deadShouldRemainDeadEvenWithPositiveHealthAndPlayerAdjacent()]
ZombieStateMachine.java,domain.enemy.ZombieStateMachine,org.pitest.mutationtest.engine.gregor.mutators.NegateConditionalsMutator,<init>,19,KILLED,domain.enemy.ZombieStateMachineTest.[engine:junit-jupiter]/[class:domain.enemy.ZombieStateMachineTest]/[method:deadShouldRemainDeadEvenWithPositiveHealthAndPlayerAdjacent()]
ZombieStateMachine.java,domain.enemy.ZombieStateMachine,org.pitest.mutationtest.engine.gregor.mutators.NegateConditionalsMutator,<init>,19,KILLED,domain.enemy.ZombieStateMachineTest.[engine:junit-jupiter]/[class:domain.enemy.ZombieStateMachineTest]/[method:deadShouldRemainDeadEvenWithPositiveHealthAndPlayerAdjacent()]
ZombieStateMachine.java,domain.enemy.ZombieStateMachine,org.pitest.mutationtest.engine.gregor.mutators.returns.NullReturnValsMutator,from,29,KILLED,application.EnemyUpdateServiceIT.[engine:junit-jupiter]/[class:application.EnemyUpdateServiceIT]/[method:firstContactHurtsImmediatelyAndFollowingHitsRespectCooldown()]
ZombieStateMachine.java,domain.enemy.ZombieStateMachine,org.pitest.mutationtest.engine.gregor.mutators.ConditionalsBoundaryMutator,fromAttack,66,KILLED,domain.enemy.ZombieStateMachineTest.[engine:junit-jupiter]/[class:domain.enemy.ZombieStateMachineTest]/[method:attackShouldStayInAttackWhileInRange()]
ZombieStateMachine.java,domain.enemy.ZombieStateMachine,org.pitest.mutationtest.engine.gregor.mutators.NegateConditionalsMutator,fromAttack,66,KILLED,domain.enemy.ZombieStateMachineTest.[engine:junit-jupiter]/[class:domain.enemy.ZombieStateMachineTest]/[method:attackShouldStayInAttackWhileInRange()]
ZombieStateMachine.java,domain.enemy.ZombieStateMachine,org.pitest.mutationtest.engine.gregor.mutators.returns.NullReturnValsMutator,fromAttack,66,KILLED,domain.enemy.ZombieStateMachineTest.[engine:junit-jupiter]/[class:domain.enemy.ZombieStateMachineTest]/[method:attackShouldStayInAttackWhileInRange()]
ZombieStateMachine.java,domain.enemy.ZombieStateMachine,org.pitest.mutationtest.engine.gregor.mutators.ConditionalsBoundaryMutator,fromChase,59,KILLED,domain.enemy.ZombieStateMachineTest.[engine:junit-jupiter]/[class:domain.enemy.ZombieStateMachineTest]/[method:chaseShouldChangeToAttackInsideAttackRangeInclusive()]
ZombieStateMachine.java,domain.enemy.ZombieStateMachine,org.pitest.mutationtest.engine.gregor.mutators.ConditionalsBoundaryMutator,fromChase,62,KILLED,domain.enemy.ZombieStateMachineTest.[engine:junit-jupiter]/[class:domain.enemy.ZombieStateMachineTest]/[method:chaseShouldKeepChasingBetweenAttackAndLoseRange()]
ZombieStateMachine.java,domain.enemy.ZombieStateMachine,org.pitest.mutationtest.engine.gregor.mutators.NegateConditionalsMutator,fromChase,59,KILLED,domain.enemy.ZombieStateMachineTest.[engine:junit-jupiter]/[class:domain.enemy.ZombieStateMachineTest]/[method:chaseShouldChangeToAttackInsideAttackRangeInclusive()]
ZombieStateMachine.java,domain.enemy.ZombieStateMachine,org.pitest.mutationtest.engine.gregor.mutators.NegateConditionalsMutator,fromChase,62,KILLED,domain.enemy.ZombieStateMachineTest.[engine:junit-jupiter]/[class:domain.enemy.ZombieStateMachineTest]/[method:chaseShouldReturnToIdleWhenTargetIsLost()]
ZombieStateMachine.java,domain.enemy.ZombieStateMachine,org.pitest.mutationtest.engine.gregor.mutators.returns.NullReturnValsMutator,fromChase,60,KILLED,domain.enemy.ZombieStateMachineTest.[engine:junit-jupiter]/[class:domain.enemy.ZombieStateMachineTest]/[method:chaseShouldChangeToAttackInsideAttackRangeInclusive()]
ZombieStateMachine.java,domain.enemy.ZombieStateMachine,org.pitest.mutationtest.engine.gregor.mutators.returns.NullReturnValsMutator,fromChase,62,KILLED,domain.enemy.ZombieStateMachineTest.[engine:junit-jupiter]/[class:domain.enemy.ZombieStateMachineTest]/[method:chaseShouldReturnToIdleWhenTargetIsLost()]
ZombieStateMachine.java,domain.enemy.ZombieStateMachine,org.pitest.mutationtest.engine.gregor.mutators.ConditionalsBoundaryMutator,fromIdle,52,SURVIVED,none
ZombieStateMachine.java,domain.enemy.ZombieStateMachine,org.pitest.mutationtest.engine.gregor.mutators.ConditionalsBoundaryMutator,fromIdle,55,KILLED,domain.enemy.ZombieStateMachineTest.[engine:junit-jupiter]/[class:domain.enemy.ZombieStateMachineTest]/[method:idleShouldChangeToChaseWhenPlayerDetectedInclusiveLimit()]
ZombieStateMachine.java,domain.enemy.ZombieStateMachine,org.pitest.mutationtest.engine.gregor.mutators.NegateConditionalsMutator,fromIdle,52,KILLED,domain.enemy.ZombieStateMachineTest.[engine:junit-jupiter]/[class:domain.enemy.ZombieStateMachineTest]/[method:idleShouldRemainIdleWithoutTargetInRange()]
ZombieStateMachine.java,domain.enemy.ZombieStateMachine,org.pitest.mutationtest.engine.gregor.mutators.NegateConditionalsMutator,fromIdle,55,KILLED,domain.enemy.ZombieStateMachineTest.[engine:junit-jupiter]/[class:domain.enemy.ZombieStateMachineTest]/[method:idleShouldChangeToChaseWhenPlayerDetectedInclusiveLimit()]
ZombieStateMachine.java,domain.enemy.ZombieStateMachine,org.pitest.mutationtest.engine.gregor.mutators.returns.NullReturnValsMutator,fromIdle,53,KILLED,domain.enemy.ZombieStateMachineTest.[engine:junit-jupiter]/[class:domain.enemy.ZombieStateMachineTest]/[method:idleShouldJumpDirectlyToAttackIfPlayerAlreadyAdjacent()]
ZombieStateMachine.java,domain.enemy.ZombieStateMachine,org.pitest.mutationtest.engine.gregor.mutators.returns.NullReturnValsMutator,fromIdle,55,KILLED,domain.enemy.ZombieStateMachineTest.[engine:junit-jupiter]/[class:domain.enemy.ZombieStateMachineTest]/[method:idleShouldChangeToChaseWhenPlayerDetectedInclusiveLimit()]
ZombieStateMachine.java,domain.enemy.ZombieStateMachine,org.pitest.mutationtest.engine.gregor.mutators.ConditionalsBoundaryMutator,next,36,KILLED,domain.enemy.ZombieStateMachineTest.[engine:junit-jupiter]/[class:domain.enemy.ZombieStateMachineTest]/[method:anyLivingStateShouldBecomeDeadWhenHealthIsZeroOrBelow()]
ZombieStateMachine.java,domain.enemy.ZombieStateMachine,org.pitest.mutationtest.engine.gregor.mutators.NegateConditionalsMutator,next,36,KILLED,domain.enemy.ZombieStateMachineTest.[engine:junit-jupiter]/[class:domain.enemy.ZombieStateMachineTest]/[method:deadPlayerMeansTargetLostFromAnyLivingState()]
ZombieStateMachine.java,domain.enemy.ZombieStateMachine,org.pitest.mutationtest.engine.gregor.mutators.NegateConditionalsMutator,next,36,KILLED,domain.enemy.ZombieStateMachineTest.[engine:junit-jupiter]/[class:domain.enemy.ZombieStateMachineTest]/[method:anyLivingStateShouldBecomeDeadWhenHealthIsZeroOrBelow()]
ZombieStateMachine.java,domain.enemy.ZombieStateMachine,org.pitest.mutationtest.engine.gregor.mutators.NegateConditionalsMutator,next,39,KILLED,domain.enemy.ZombieStateMachineTest.[engine:junit-jupiter]/[class:domain.enemy.ZombieStateMachineTest]/[method:deadPlayerMeansTargetLostFromAnyLivingState()]
ZombieStateMachine.java,domain.enemy.ZombieStateMachine,org.pitest.mutationtest.engine.gregor.mutators.returns.NullReturnValsMutator,next,37,KILLED,domain.enemy.ZombieStateMachineTest.[engine:junit-jupiter]/[class:domain.enemy.ZombieStateMachineTest]/[method:deadShouldRemainDeadEvenWithPositiveHealthAndPlayerAdjacent()]
ZombieStateMachine.java,domain.enemy.ZombieStateMachine,org.pitest.mutationtest.engine.gregor.mutators.returns.NullReturnValsMutator,next,40,KILLED,domain.enemy.ZombieStateMachineTest.[engine:junit-jupiter]/[class:domain.enemy.ZombieStateMachineTest]/[method:deadPlayerMeansTargetLostFromAnyLivingState()]
ZombieStateMachine.java,domain.enemy.ZombieStateMachine,org.pitest.mutationtest.engine.gregor.mutators.returns.NullReturnValsMutator,next,43,KILLED,domain.enemy.ZombieStateMachineTest.[engine:junit-jupiter]/[class:domain.enemy.ZombieStateMachineTest]/[method:idleShouldRemainIdleWithoutTargetInRange()]
GameSettings.java,application.GameSettings,org.pitest.mutationtest.engine.gregor.mutators.returns.NullReturnValsMutator,cycleDifficulty,53,KILLED,application.GameSettingsTest.[engine:junit-jupiter]/[class:application.GameSettingsTest]/[method:cyclingDifficultyAlternatesLevels()]
GameSettings.java,application.GameSettings,org.pitest.mutationtest.engine.gregor.mutators.returns.NullReturnValsMutator,difficulty,43,KILLED,application.GameSettingsTest.[engine:junit-jupiter]/[class:application.GameSettingsTest]/[method:difficultyCannotBeCleared()]
GameSettings.java,application.GameSettings,org.pitest.mutationtest.engine.gregor.mutators.returns.BooleanFalseReturnValsMutator,enemiesEnabled,23,KILLED,application.GameSettingsTest.[engine:junit-jupiter]/[class:application.GameSettingsTest]/[method:newSessionStartsWithEnemiesOnTexturedAndNormal()]
GameSettings.java,application.GameSettings,org.pitest.mutationtest.engine.gregor.mutators.returns.BooleanTrueReturnValsMutator,enemiesEnabled,23,KILLED,application.GameSettingsTest.[engine:junit-jupiter]/[class:application.GameSettingsTest]/[method:enemyTogglesAreIndependent()]
GameSettings.java,application.GameSettings,org.pitest.mutationtest.engine.gregor.mutators.returns.BooleanFalseReturnValsMutator,enemyTexturesEnabled,33,KILLED,application.GameSettingsTest.[engine:junit-jupiter]/[class:application.GameSettingsTest]/[method:newSessionStartsWithEnemiesOnTexturedAndNormal()]
GameSettings.java,application.GameSettings,org.pitest.mutationtest.engine.gregor.mutators.returns.BooleanTrueReturnValsMutator,enemyTexturesEnabled,33,KILLED,application.GameSettingsTest.[engine:junit-jupiter]/[class:application.GameSettingsTest]/[method:enemyTogglesAreIndependent()]
GameSettings.java,application.GameSettings,org.pitest.mutationtest.engine.gregor.mutators.NegateConditionalsMutator,toggleEnemies,28,KILLED,application.GameSettingsTest.[engine:junit-jupiter]/[class:application.GameSettingsTest]/[method:enemyTogglesAreIndependent()]
GameSettings.java,application.GameSettings,org.pitest.mutationtest.engine.gregor.mutators.returns.BooleanFalseReturnValsMutator,toggleEnemies,29,KILLED,application.GameSettingsTest.[engine:junit-jupiter]/[class:application.GameSettingsTest]/[method:enemyTogglesAreIndependent()]
GameSettings.java,application.GameSettings,org.pitest.mutationtest.engine.gregor.mutators.returns.BooleanTrueReturnValsMutator,toggleEnemies,29,KILLED,application.GameSettingsTest.[engine:junit-jupiter]/[class:application.GameSettingsTest]/[method:enemyTogglesAreIndependent()]
GameSettings.java,application.GameSettings,org.pitest.mutationtest.engine.gregor.mutators.NegateConditionalsMutator,toggleEnemyTextures,38,KILLED,application.GameSettingsTest.[engine:junit-jupiter]/[class:application.GameSettingsTest]/[method:enemyTogglesAreIndependent()]
GameSettings.java,application.GameSettings,org.pitest.mutationtest.engine.gregor.mutators.returns.BooleanFalseReturnValsMutator,toggleEnemyTextures,39,KILLED,application.GameSettingsTest.[engine:junit-jupiter]/[class:application.GameSettingsTest]/[method:enemyTogglesAreIndependent()]
GameSettings.java,application.GameSettings,org.pitest.mutationtest.engine.gregor.mutators.returns.BooleanTrueReturnValsMutator,toggleEnemyTextures,39,KILLED,application.GameSettingsTest.[engine:junit-jupiter]/[class:application.GameSettingsTest]/[method:enemyTogglesAreIndependent()]
GameSettings.java,application.GameSettings,org.pitest.mutationtest.engine.gregor.mutators.returns.NullReturnValsMutator,waveRules,61,KILLED,application.GameSettingsTest.[engine:junit-jupiter]/[class:application.GameSettingsTest]/[method:parametersFollowTheSelectedDifficulty()]
GameSettings.java,application.GameSettings,org.pitest.mutationtest.engine.gregor.mutators.returns.NullReturnValsMutator,zombieParameters,57,KILLED,application.GameSettingsTest.[engine:junit-jupiter]/[class:application.GameSettingsTest]/[method:parametersFollowTheSelectedDifficulty()]
BiomeResolver.java,domain.world.biome.BiomeResolver,org.pitest.mutationtest.engine.gregor.mutators.ConditionalsBoundaryMutator,biomeAt,17,SURVIVED,none
BiomeResolver.java,domain.world.biome.BiomeResolver,org.pitest.mutationtest.engine.gregor.mutators.ConditionalsBoundaryMutator,biomeAt,20,SURVIVED,none
BiomeResolver.java,domain.world.biome.BiomeResolver,org.pitest.mutationtest.engine.gregor.mutators.NegateConditionalsMutator,biomeAt,17,KILLED,domain.world.TerrainGenerationTest.[engine:junit-jupiter]/[class:domain.world.TerrainGenerationTest]/[method:layersAndHeightsRespectEachBiomeAndChunkLimits()]
BiomeResolver.java,domain.world.biome.BiomeResolver,org.pitest.mutationtest.engine.gregor.mutators.NegateConditionalsMutator,biomeAt,20,KILLED,domain.world.TerrainGenerationTest.[engine:junit-jupiter]/[class:domain.world.TerrainGenerationTest]/[method:villageIsDeterministicContainedAndHasHouseDoorAndPath()]
BiomeResolver.java,domain.world.biome.BiomeResolver,org.pitest.mutationtest.engine.gregor.mutators.returns.NullReturnValsMutator,biomeAt,18,KILLED,domain.world.TerrainGenerationTest.[engine:junit-jupiter]/[class:domain.world.TerrainGenerationTest]/[method:layersAndHeightsRespectEachBiomeAndChunkLimits()]
BiomeResolver.java,domain.world.biome.BiomeResolver,org.pitest.mutationtest.engine.gregor.mutators.returns.NullReturnValsMutator,biomeAt,21,KILLED,domain.world.TerrainGenerationTest.[engine:junit-jupiter]/[class:domain.world.TerrainGenerationTest]/[method:layersAndHeightsRespectEachBiomeAndChunkLimits()]
BiomeResolver.java,domain.world.biome.BiomeResolver,org.pitest.mutationtest.engine.gregor.mutators.returns.NullReturnValsMutator,biomeAt,23,KILLED,domain.world.TerrainGenerationTest.[engine:junit-jupiter]/[class:domain.world.TerrainGenerationTest]/[method:layersAndHeightsRespectEachBiomeAndChunkLimits()]
BiomeResolver.java,domain.world.biome.BiomeResolver,org.pitest.mutationtest.engine.gregor.mutators.returns.PrimitiveReturnsMutator,climateAt,28,KILLED,domain.world.BiomeResolverTest.[engine:junit-jupiter]/[class:domain.world.BiomeResolverTest]/[method:changingSeedChangesSomeBiomeAssignments()]
Difficulty.java,domain.enemy.Difficulty,org.pitest.mutationtest.engine.gregor.mutators.MathMutator,next,34,KILLED,application.DifficultyTest.[engine:junit-jupiter]/[class:application.DifficultyTest]/[test-template:everyDifficultyCyclesThroughAllLevels(domain.enemy.Difficulty)]/[test-template-invocation:#2]
Difficulty.java,domain.enemy.Difficulty,org.pitest.mutationtest.engine.gregor.mutators.MathMutator,next,34,KILLED,application.DifficultyTest.[engine:junit-jupiter]/[class:application.DifficultyTest]/[test-template:everyDifficultyCyclesThroughAllLevels(domain.enemy.Difficulty)]/[test-template-invocation:#2]
Difficulty.java,domain.enemy.Difficulty,org.pitest.mutationtest.engine.gregor.mutators.returns.NullReturnValsMutator,next,34,KILLED,application.DifficultyTest.[engine:junit-jupiter]/[class:application.DifficultyTest]/[test-template:everyDifficultyCyclesThroughAllLevels(domain.enemy.Difficulty)]/[test-template-invocation:#2]
Difficulty.java,domain.enemy.Difficulty,org.pitest.mutationtest.engine.gregor.mutators.returns.NullReturnValsMutator,waveRules,28,KILLED,application.DifficultyTest.[engine:junit-jupiter]/[class:application.DifficultyTest]/[method:bothDifficultiesDoubleWavesWhileVeryHardArrivesSooner()]
Difficulty.java,domain.enemy.Difficulty,org.pitest.mutationtest.engine.gregor.mutators.returns.NullReturnValsMutator,zombieParameters,24,KILLED,application.PlayerControlStaminaTest.[engine:junit-jupiter]/[class:application.PlayerControlStaminaTest]/[method:blockedByWallConsumesNothing()]
