runner,class,tests,failures,errors,skipped
surefire,application.GameSettingsTest,5,0,0,0
surefire,application.PlayerFrameInputTest,2,0,0,0
surefire,application.RecoveryWorldStorageFailureTest,2,0,0,0
surefire,application.WorldSizeTest,2,0,0,0
surefire,architecture.ArchitectureBoundaryTest,3,0,0,0
surefire,domain.enemy.AStarPathfinderTest,8,0,0,0
surefire,domain.enemy.NavigationDiagonalTest,11,0,0,0
surefire,domain.enemy.NavigationGridTest,6,0,0,0
surefire,domain.enemy.NavigationMovementAgreementTest,1,0,0,0
surefire,domain.enemy.WaveRulesTest,7,0,0,0
surefire,domain.enemy.ZombieDebrisTest,2,0,0,0
surefire,domain.enemy.ZombieHeadRegressionTest,2,0,0,0
surefire,domain.enemy.ZombieMovementTest,4,0,0,0
surefire,domain.enemy.ZombiePhysicsTest,10,0,0,0
surefire,domain.enemy.ZombieStateMachineTest,13,0,0,0
surefire,domain.enemy.ZombieTest,4,0,0,0
surefire,domain.player.CollisionRecoveryTest,1,0,0,0
surefire,domain.player.PlayerLifeTest,7,0,0,0
surefire,domain.player.PlayerMovementSprintTest,1,0,0,0
surefire,domain.player.StaminaTest,5,0,0,0
surefire,domain.world.BiomeResolverTest,3,0,0,0
surefire,domain.world.ChunkBoundsTest,4,0,0,0
surefire,domain.world.WorldChunkIndexTest,1,0,0,0
surefire,loadtest.EnemyLoadHarnessMetricsTest,2,0,0,0
surefire,patterns.factory.BlockFactoryTest,10,0,0,0
surefire,persistence.InvalidWorldFileTest,26,0,0,0
surefire,persistence.JsonParserTest,24,0,0,0
surefire,persistence.UnloadableSaveTest,3,0,0,0
surefire,persistence.WorldJsonCodecTest,5,0,0,0
surefire,presentation.game.DeathMessagesTest,2,0,0,0
surefire,presentation.game.FullscreenControllerTest,3,0,0,0
surefire,presentation.game.GameInputMappingTest,3,0,0,0
surefire,presentation.game.GraphicsDiagnosticsTest,1,0,0,0
surefire,presentation.game.RenderDistanceTest,2,0,0,0
surefire,presentation.game.SprintCameraEffectTest,3,0,0,0
surefire,presentation.game.ZombieAtlasTest,2,0,0,0
surefire,presentation.game.ZombiePoseTest,3,0,0,0
surefire,presentation.game.ZombieSkinTest,5,0,0,0
failsafe,application.CombatSessionRegressionTest,5,0,0,0
failsafe,application.DifficultyTest,8,0,0,0
failsafe,application.EnemyKamikazeTest,9,0,0,0
failsafe,application.EnemyUpdateServiceIT,11,0,0,0
failsafe,application.EnemyWallAttackTest,2,0,0,0
failsafe,application.GameSessionTest,11,0,0,0
failsafe,application.HordeManagerTest,16,0,0,0
failsafe,application.HordeSpawnSafetyTest,3,0,0,0
failsafe,application.LocalWorldPersistenceIT,3,0,0,0
failsafe,application.PersistentPursuitTest,1,0,0,0
failsafe,application.PistolServiceTest,9,0,0,0
failsafe,application.PlayerControlServiceTest,8,0,0,0
failsafe,application.PlayerControlStaminaTest,5,0,0,0
failsafe,application.PlayerInteractionPlacementTest,2,0,0,0
failsafe,application.SameSeedTest,2,0,0,0
failsafe,application.SaveEdgeCasesIT,3,0,0,0
failsafe,application.WorldLifecycleIT,1,0,0,0
failsafe,application.ZombieContactRegressionTest,2,0,0,0
failsafe,application.ZombieMeleeServiceTest,4,0,0,0
failsafe,application.ZombieTargetingTest,5,0,0,0
failsafe,bootstrap.GpuPreferenceTest,5,0,0,0
failsafe,bootstrap.WorldDirectoryTest,1,0,0,0
failsafe,domain.enemy.ZombieSeparationTest,7,0,0,0
failsafe,domain.world.TerrainGenerationTest,6,0,0,0
failsafe,loadtest.EnemyLoadHarnessIT,1,0,0,0
failsafe,persistence.JsonWorldStorageTest,6,0,0,0
failsafe,presentation.GameFlowSmokeIT,3,0,0,0
failsafe,presentation.MainMenuSettingsTest,5,0,0,0
failsafe,presentation.game.GameWindowTextureModeTest,1,0,0,0
failsafe,presentation.game.VoxelGameObserverTest,3,0,0,0
