runner,class,case,result
surefire,application.GameSettingsTest,parametersFollowTheSelectedDifficulty,passed
surefire,application.GameSettingsTest,newSessionStartsWithEnemiesOnTexturedAndNormal,passed
surefire,application.GameSettingsTest,enemyTogglesAreIndependent,passed
surefire,application.GameSettingsTest,difficultyCannotBeCleared,passed
surefire,application.GameSettingsTest,cyclingDifficultyAlternatesLevels,passed
surefire,application.PlayerFrameInputTest,rejectsInvalidLookAndAirWithoutMutatingNeutralInput,passed
surefire,application.PlayerFrameInputTest,neutralCarriesNoActionsAndKeepsTheCurrentMaterial,passed
surefire,application.RecoveryWorldStorageFailureTest,readFailurePropagatesAndKeepsThePreviouslyLoadedWorld,passed
surefire,application.RecoveryWorldStorageFailureTest,saveFailurePropagatesWithoutUnloadingTheCurrentWorld,passed
surefire,application.WorldSizeTest,sizesRemainBoundedForSnapshotStorage,passed
surefire,application.WorldSizeTest,mediumWorldCreationUsesSelectedSizeAndCentersSpawn,passed
surefire,architecture.ArchitectureBoundaryTest,applicationOnlyUsesTheWorldStorageAbstractionOutsideItsCore,passed
surefire,architecture.ArchitectureBoundaryTest,inputTranslatesDevicesAndSessionAcceptsDataInsteadOfACallback,passed
surefire,architecture.ArchitectureBoundaryTest,domainDoesNotImportUpperLayersGraphicsOrStorage,passed
surefire,domain.enemy.AStarPathfinderTest,twoBlockCliffIsAvoidedInFavorOfLongerFlatDetour,passed
surefire,domain.enemy.AStarPathfinderTest,expansionBudgetStopsSearchWithoutRoute,passed
surefire,domain.enemy.AStarPathfinderTest,oneBlockStepIsClimbedWithHigherCostThanFlatGround,passed
surefire,domain.enemy.AStarPathfinderTest,enclosedGoalHasNoPathAndDoesNotFakeOne,passed
surefire,domain.enemy.AStarPathfinderTest,goalOnTwoBlockPillarIsUnreachableAndInvalidNodesAreRejected,passed
surefire,domain.enemy.AStarPathfinderTest,straightLineHasOptimalLengthAndEndsAtGoal,passed
surefire,domain.enemy.AStarPathfinderTest,wallForcesDetourThroughTheGap,passed
surefire,domain.enemy.AStarPathfinderTest,startEqualsGoalReturnsSingleNodePath,passed
surefire,domain.enemy.NavigationDiagonalTest,movementCompletesEveryDiagonalOnFlatTerrainAtConstantSpeed,passed
surefire,domain.enemy.NavigationDiagonalTest,openTerrainRoutesDirectlyFromTopLeftToCentre,passed
surefire,domain.enemy.NavigationDiagonalTest,diagonalClimbRespectsCeilingAboveSideColumn,passed
surefire,domain.enemy.NavigationDiagonalTest,newlyBlockedSideOfDiagonalStopsBodyBeforeCorner,passed
surefire,domain.enemy.NavigationDiagonalTest,longOpenRouteUsesDiagonalsThenStraightSteps,passed
surefire,domain.enemy.NavigationDiagonalTest,plannedDiagonalDropMatchesActualBodyMovement,passed
surefire,domain.enemy.NavigationDiagonalTest,raisedSideColumnDoesNotBecomeHiddenDiagonalStep,passed
surefire,domain.enemy.NavigationDiagonalTest,diagonalCannotCrossUnsupportedSideColumn,passed
surefire,domain.enemy.NavigationDiagonalTest,diagonalCannotClimbTwoBlocks,passed
surefire,domain.enemy.NavigationDiagonalTest,diagonalCannotCutEitherBlockedCorner,passed
surefire,domain.enemy.NavigationDiagonalTest,plannedDiagonalClimbMatchesActualBodyMovement,passed
surefire,domain.enemy.NavigationGridTest,nodeUnderResolvesSupportBelowContinuousPosition,passed
surefire,domain.enemy.NavigationGridTest,currentBlocksDecideWalkabilityAfterPlacingAndRemoving,passed
surefire,domain.enemy.NavigationGridTest,climbOneDropThreeButNotMore,passed
surefire,domain.enemy.NavigationGridTest,missingChunkIsNeverWalkableEvenIfHeightLooksFine,passed
surefire,domain.enemy.NavigationGridTest,neighborsCrossChunkBorderAndSkipMissingChunks,passed
surefire,domain.enemy.NavigationGridTest,flatColumnWithSupportAndBodySpaceIsWalkable,passed
surefire,domain.enemy.NavigationMovementAgreementTest,lowCeilingAboveLowerHalfRejectsStepBeforePathPlanning,passed
surefire,domain.enemy.WaveRulesTest,zeroExtraKeepsWavesConstant,passed
surefire,domain.enemy.WaveRulesTest,explicitMultiplierDoublesWavesAndSaturatesWithoutOverflow,passed
surefire,domain.enemy.WaveRulesTest,waveNumbersStartAtOne,passed
surefire,domain.enemy.WaveRulesTest,acceptsBoundaryValues,passed
surefire,domain.enemy.WaveRulesTest,eachWaveAddsExtraZombiesUntilTheCap,passed
surefire,domain.enemy.WaveRulesTest,explicitMultiplierAlsoHonorsCustomCapAndRejectsInvalidFactor,passed
surefire,domain.enemy.WaveRulesTest,rejectsInconsistentRules,passed
surefire,domain.enemy.ZombieDebrisTest,piecesScatterSettleAboveFloorAndRemainStationary,passed
surefire,domain.enemy.ZombieDebrisTest,crawlerMovesAtTwentyEightPercentOfNormalSpeed,passed
surefire,domain.enemy.ZombieHeadRegressionTest,feetJustAboveAnotherHeadStillReserveHorizontalSpace,passed
surefire,domain.enemy.ZombieHeadRegressionTest,crowdCorrectionCannotPushBodiesUpOntoSteps,passed
surefire,domain.enemy.ZombieMovementTest,followsEveryWaypointUntilTheGoalCenter,passed
surefire,domain.enemy.ZombieMovementTest,normalZombieMatchesWalkingAcrossWaypoints,passed
surefire,domain.enemy.ZombieMovementTest,blockPlacedAfterPlanningStopsTheZombieAndReportsInvalidPath,passed
surefire,domain.enemy.ZombieMovementTest,climbsOneBlockStepAndDropsBackDown,passed
surefire,domain.enemy.ZombiePhysicsTest,lowCeilingCancelsJumpWithoutEnteringSolidBlocks,passed
surefire,domain.enemy.ZombiePhysicsTest,safeFallsDoNotDrawRandomOrRemoveLegs,passed
surefire,domain.enemy.ZombiePhysicsTest,damageFlashStartsAtPoint18AndDecaysInSimulationTime,passed
surefire,domain.enemy.ZombiePhysicsTest,exactlyThirtyPercentBoundaryIsUsedForDeepLanding,passed
surefire,domain.enemy.ZombiePhysicsTest,deepLandingShattersAtFloorOnlyAndNeverTunnels,passed
surefire,domain.enemy.ZombiePhysicsTest,secondJumpInAirIsRejectedAndJumpReturnsToFloor,passed
surefire,domain.enemy.ZombiePhysicsTest,crawlerFitsOneBlockTunnelAndCannotJump,passed
surefire,domain.enemy.ZombiePhysicsTest,jumpUsesPlayerSpeedAndGravityWithoutTeleporting,passed
surefire,domain.enemy.ZombiePhysicsTest,consecutiveMountainStepsRequireRealAirTimeAndLanding,passed
surefire,domain.enemy.ZombiePhysicsTest,voidFallEventuallyShattersAndDoesNotHover,passed
surefire,domain.enemy.ZombieStateMachineTest,attackShouldStayInAttackWhileInRange,passed
surefire,domain.enemy.ZombieStateMachineTest,deadPlayerMeansTargetLostFromAnyLivingState,passed
surefire,domain.enemy.ZombieStateMachineTest,chaseShouldChangeToAttackInsideAttackRangeInclusive,passed
surefire,domain.enemy.ZombieStateMachineTest,chaseShouldReturnToIdleWhenTargetIsLost,passed
surefire,domain.enemy.ZombieStateMachineTest,anyLivingStateShouldBecomeDeadWhenHealthIsZeroOrBelow,passed
surefire,domain.enemy.ZombieStateMachineTest,rangesMustBeOrderedAndPositive,passed
surefire,domain.enemy.ZombieStateMachineTest,idleShouldJumpDirectlyToAttackIfPlayerAlreadyAdjacent,passed
surefire,domain.enemy.ZombieStateMachineTest,attackShouldReturnToChaseWhenPlayerMovesAway,passed
surefire,domain.enemy.ZombieStateMachineTest,chaseShouldKeepChasingBetweenAttackAndLoseRange,passed
surefire,domain.enemy.ZombieStateMachineTest,deadShouldRemainDeadEvenWithPositiveHealthAndPlayerAdjacent,passed
surefire,domain.enemy.ZombieStateMachineTest,idleShouldChangeToChaseWhenPlayerDetectedInclusiveLimit,passed
surefire,domain.enemy.ZombieStateMachineTest,perceptionRejectsInvalidDistances,passed
surefire,domain.enemy.ZombieStateMachineTest,idleShouldRemainIdleWithoutTargetInRange,passed
surefire,domain.enemy.ZombieTest,stateChangesPreserveHealthAndPositionAndRejectNull,passed
surefire,domain.enemy.ZombieTest,damageNeverGoesBelowZeroAndAliveFollowsHealth,passed
surefire,domain.enemy.ZombieTest,positionUsesFloorLikePlayer,passed
surefire,domain.enemy.ZombieTest,zombieIsNotAPlayerAndDoesNotDependOnLibGdx,passed
surefire,domain.player.CollisionRecoveryTest,playerAlreadyInsideOldSolidBlockIsLiftedToFirstFreeHeight,passed
surefire,domain.player.PlayerLifeTest,anotherHitResetsRegenerationAndDeathFreezesTimersUntilRespawn,passed
surefire,domain.player.PlayerLifeTest,fallingBelowWorldCausesDeathAndRespawnUsesLastGroundedPosition,passed
surefire,domain.player.PlayerLifeTest,damageMustBePositiveAndHealthNeverDropsBelowZero,passed
surefire,domain.player.PlayerLifeTest,invalidSimulationDeltaCannotAdvanceHealthOrFlash,passed
surefire,domain.player.PlayerLifeTest,regeneratesOnlyAfterFiveSecondsWithoutDamageAndCapsAtFullHealth,passed
surefire,domain.player.PlayerLifeTest,nonLethalHitsReduceHealthAndTheFourthHitKills,passed
surefire,domain.player.PlayerLifeTest,enemyCanUseTheSameDeathStateLaterWithoutChangingVoidRule,passed
surefire,domain.player.PlayerMovementSprintTest,shiftIncreasesSpeedWithoutChangingDirectionOrDiagonalNormalization,passed
surefire,domain.player.StaminaTest,finalSprintStepUsesOnlyAvailableEnergy,passed
surefire,domain.player.StaminaTest,stationaryRegeneratesAndDoesNotExceedMaximum,passed
surefire,domain.player.StaminaTest,exhaustionLocksSprintUntilTwentyPercentThenResetIsFull,passed
surefire,domain.player.StaminaTest,drainsByElapsedTimeIndependentOfFps,passed
surefire,domain.player.StaminaTest,zeroDeltaPreservesStateAndInvalidTimesAreRejected,passed
surefire,domain.world.BiomeResolverTest,sameSeedAndCoordinatesAlwaysResolveTheSameBiomeIncludingNegatives,passed
surefire,domain.world.BiomeResolverTest,generatesAllMandatoryBiomesAsRegionsRatherThanIndependentBlocks,passed
surefire,domain.world.BiomeResolverTest,changingSeedChangesSomeBiomeAssignments,passed
surefire,domain.world.ChunkBoundsTest,rejectsHeightsOutsideZeroToSixtyThree,passed
surefire,domain.world.ChunkBoundsTest,acceptsTheEightCornersOfItsVolume,passed
surefire,domain.world.ChunkBoundsTest,rejectsPositionsOfNeighbourChunks,passed
surefire,domain.world.ChunkBoundsTest,negativeCoordinatesBelongToNegativeChunks,passed
surefire,domain.world.WorldChunkIndexTest,indexesPositiveAndNegativeChunksWithoutChangingPublicList,passed
surefire,domain.world.WorldChunkIndexTest,chunkKeysOfTheLargestWorldHaveDistinctHashCodes,passed
surefire,loadtest.EnemyLoadHarnessMetricsTest,recoveryRejectsInvalidWallLimitsBeforeCreatingAnOutput,passed
surefire,loadtest.EnemyLoadHarnessMetricsTest,failedTicksCountAsErrorsButDoNotLowerLatencyPercentiles,passed
surefire,patterns.factory.BlockFactoryTest,eachCallCreatesANewBlock,passed
surefire,patterns.factory.BlockFactoryTest,rejectsMissingData,passed
surefire,patterns.factory.BlockFactoryTest,createsEveryBlockTypeAtTheRequestedPosition(BlockType)[1],passed
surefire,patterns.factory.BlockFactoryTest,createsEveryBlockTypeAtTheRequestedPosition(BlockType)[2],passed
surefire,patterns.factory.BlockFactoryTest,createsEveryBlockTypeAtTheRequestedPosition(BlockType)[3],passed
surefire,patterns.factory.BlockFactoryTest,createsEveryBlockTypeAtTheRequestedPosition(BlockType)[4],passed
surefire,patterns.factory.BlockFactoryTest,createsEveryBlockTypeAtTheRequestedPosition(BlockType)[5],passed
surefire,patterns.factory.BlockFactoryTest,createsEveryBlockTypeAtTheRequestedPosition(BlockType)[6],passed
surefire,patterns.factory.BlockFactoryTest,createsEveryBlockTypeAtTheRequestedPosition(BlockType)[7],passed
surefire,patterns.factory.BlockFactoryTest,createsEveryBlockTypeAtTheRequestedPosition(BlockType)[8],passed
surefire,persistence.InvalidWorldFileTest,"seRechazaConMensajeLegible(String, String)[1]",passed
surefire,persistence.InvalidWorldFileTest,"seRechazaConMensajeLegible(String, String)[2]",passed
surefire,persistence.InvalidWorldFileTest,"seRechazaConMensajeLegible(String, String)[3]",passed
surefire,persistence.InvalidWorldFileTest,"seRechazaConMensajeLegible(String, String)[4]",passed
surefire,persistence.InvalidWorldFileTest,"seRechazaConMensajeLegible(String, String)[5]",passed
surefire,persistence.InvalidWorldFileTest,"seRechazaConMensajeLegible(String, String)[6]",passed
surefire,persistence.InvalidWorldFileTest,"seRechazaConMensajeLegible(String, String)[7]",passed
surefire,persistence.InvalidWorldFileTest,"seRechazaConMensajeLegible(String, String)[8]",passed
surefire,persistence.InvalidWorldFileTest,"seRechazaConMensajeLegible(String, String)[9]",passed
surefire,persistence.InvalidWorldFileTest,"seRechazaConMensajeLegible(String, String)[10]",passed
surefire,persistence.InvalidWorldFileTest,"seRechazaConMensajeLegible(String, String)[11]",passed
surefire,persistence.InvalidWorldFileTest,"seRechazaConMensajeLegible(String, String)[12]",passed
surefire,persistence.InvalidWorldFileTest,"seRechazaConMensajeLegible(String, String)[13]",passed
surefire,persistence.InvalidWorldFileTest,"seRechazaConMensajeLegible(String, String)[14]",passed
surefire,persistence.InvalidWorldFileTest,"seRechazaConMensajeLegible(String, String)[15]",passed
surefire,persistence.InvalidWorldFileTest,"seRechazaConMensajeLegible(String, String)[16]",passed
surefire,persistence.InvalidWorldFileTest,"seRechazaConMensajeLegible(String, String)[17]",passed
surefire,persistence.InvalidWorldFileTest,"seRechazaConMensajeLegible(String, String)[18]",passed
surefire,persistence.InvalidWorldFileTest,"seRechazaConMensajeLegible(String, String)[19]",passed
surefire,persistence.InvalidWorldFileTest,"seRechazaConMensajeLegible(String, String)[20]",passed
surefire,persistence.InvalidWorldFileTest,"seRechazaConMensajeLegible(String, String)[21]",passed
surefire,persistence.InvalidWorldFileTest,"seRechazaConMensajeLegible(String, String)[22]",passed
surefire,persistence.InvalidWorldFileTest,"seRechazaConMensajeLegible(String, String)[23]",passed
surefire,persistence.InvalidWorldFileTest,"seRechazaConMensajeLegible(String, String)[24]",passed
surefire,persistence.InvalidWorldFileTest,"seRechazaConMensajeLegible(String, String)[25]",passed
surefire,persistence.InvalidWorldFileTest,"seRechazaConMensajeLegible(String, String)[26]",passed
surefire,persistence.JsonParserTest,ignoresALeadingUtf8Bom,passed
surefire,persistence.JsonParserTest,acceptsZeroAndDecimalsStartingWithZero,passed
surefire,persistence.JsonParserTest,keepsSurrogatePairsTogether,passed
surefire,persistence.JsonParserTest,readsEveryKindOfValue,passed
surefire,persistence.JsonParserTest,rejectsNull,passed
surefire,persistence.JsonParserTest,rejectsInvalidDocuments(String)[1],passed
surefire,persistence.JsonParserTest,rejectsInvalidDocuments(String)[2],passed
surefire,persistence.JsonParserTest,rejectsInvalidDocuments(String)[3],passed
surefire,persistence.JsonParserTest,rejectsInvalidDocuments(String)[4],passed
surefire,persistence.JsonParserTest,rejectsInvalidDocuments(String)[5],passed
surefire,persistence.JsonParserTest,rejectsInvalidDocuments(String)[6],passed
surefire,persistence.JsonParserTest,rejectsInvalidDocuments(String)[7],passed
surefire,persistence.JsonParserTest,rejectsInvalidDocuments(String)[8],passed
surefire,persistence.JsonParserTest,rejectsInvalidDocuments(String)[9],passed
surefire,persistence.JsonParserTest,rejectsInvalidDocuments(String)[10],passed
surefire,persistence.JsonParserTest,rejectsInvalidDocuments(String)[11],passed
surefire,persistence.JsonParserTest,rejectsInvalidDocuments(String)[12],passed
surefire,persistence.JsonParserTest,rejectsInvalidDocuments(String)[13],passed
surefire,persistence.JsonParserTest,rejectsInvalidDocuments(String)[14],passed
surefire,persistence.JsonParserTest,rejectsInvalidDocuments(String)[15],passed
surefire,persistence.JsonParserTest,rejectsInvalidDocuments(String)[16],passed
surefire,persistence.JsonParserTest,rejectsInvalidDocuments(String)[17],passed
surefire,persistence.JsonParserTest,rejectsInvalidDocuments(String)[18],passed
surefire,persistence.JsonParserTest,decodesEscapes,passed
surefire,persistence.UnloadableSaveTest,chunkCoordinatesThatWouldOverflowAreAnInvalidFile,passed
surefire,persistence.UnloadableSaveTest,refusesToWriteAPlayerAboveTheWorld,passed
surefire,persistence.UnloadableSaveTest,refusesToWriteAPlayerBelowTheWorld,passed
surefire,persistence.WorldJsonCodecTest,conservaCoordenadasNegativas,passed
surefire,persistence.WorldJsonCodecTest,conservaElJugador,passed
surefire,persistence.WorldJsonCodecTest,conservaLosValoresLimite,passed
surefire,persistence.WorldJsonCodecTest,omiteBloquesDeAire,passed
surefire,persistence.WorldJsonCodecTest,conservaTodoElMundo,passed
surefire,presentation.game.DeathMessagesTest,specialCausesHaveExactPhrasesAndDoNotConsumeGenericCycle,passed
surefire,presentation.game.DeathMessagesTest,usesOnlyRequestedPhrasesAndChangesOnlyAfterRespawn,passed
surefire,presentation.game.FullscreenControllerTest,roundTripPreservesWindowSizeAfterFullscreenResize,passed
surefire,presentation.game.FullscreenControllerTest,unsupportedModeMakesNoChanges,passed
surefire,presentation.game.FullscreenControllerTest,failedFullscreenDoesNotChangeModeAndRetryRetainsNewWindowSize,passed
surefire,presentation.game.GameInputMappingTest,translatesDevicesWithoutWorldPhysicsOrMutableControlState,passed
surefire,presentation.game.GameInputMappingTest,uncapturedCursorSuppressesLookAndClicksButKeepsKeyboardIntent,passed
surefire,presentation.game.GameInputMappingTest,everyMaterialMapsInOrderAndSimultaneousKeysKeepTheFirstSlot,passed
surefire,presentation.game.GraphicsDiagnosticsTest,userInterfaceShowsCategoryAndTerminalKeepsDevice,passed
surefire,presentation.game.RenderDistanceTest,maximumComesFromLoadedChunksIncludingNegativeCoordinates,passed
surefire,presentation.game.RenderDistanceTest,zeroShowsOneChunkAndRadiusCanGrowUntilWholeFiniteWorld,passed
surefire,presentation.game.SprintCameraEffectTest,noIdleBobAndPauseZeroDeltaPreservesOffsets,passed
surefire,presentation.game.SprintCameraEffectTest,offsetIsSmallSettlesWhenWalkingAndResets,passed
surefire,presentation.game.SprintCameraEffectTest,airborneSprintHasFovButNoNewBob,passed
surefire,presentation.game.ZombieAtlasTest,eyesOnlyAppearOnHeadFrontAndAllOtherFacesHaveDifferentUvTiles,passed
surefire,presentation.game.ZombieAtlasTest,everyPixelIsOpaqueAndAtlasIsFresh,passed
surefire,presentation.game.ZombiePoseTest,crawlerHidesLegsAndPlacesHeadAndTorsoBelowItsRealHeight,passed
surefire,presentation.game.ZombiePoseTest,ordinaryPoseRemainsFullHeightAndArticulated,passed
surefire,presentation.game.ZombiePoseTest,shatteredPartsMoveApartAndTumbleInsteadOfScalingWholeBody,passed
surefire,presentation.game.ZombieSkinTest,callersCannotCorruptTheSharedSkin,passed
surefire,presentation.game.ZombieSkinTest,faceHasEyesAndMouthOnTheHead,passed
surefire,presentation.game.ZombieSkinTest,everyPixelIsOpaque,passed
surefire,presentation.game.ZombieSkinTest,headShirtAndPantsAreDistinguishable,passed
surefire,presentation.game.ZombieSkinTest,keepsTheBodyProportionOfOneToThree,passed
failsafe,application.CombatSessionRegressionTest,pistolBecomesAvailableInActualThirdWaveAndNeverInEarlierWaves,passed
failsafe,application.CombatSessionRegressionTest,crawlerAttackReportsKamikazeDeathCause,passed
failsafe,application.CombatSessionRegressionTest,permanentPiecesDoNotPreventNextWave,passed
failsafe,application.CombatSessionRegressionTest,pauseFreezesPersistentPiecesWithoutDeletingThem,passed
failsafe,application.CombatSessionRegressionTest,healthRecoveryAndDamageFlashFreezeWithSessionPause,passed
failsafe,application.DifficultyTest,normalKeepsTheParametersTheAiWasTestedWith,passed
failsafe,application.DifficultyTest,everyDifficultyCyclesThroughAllLevels(Difficulty)[1],passed
failsafe,application.DifficultyTest,everyDifficultyCyclesThroughAllLevels(Difficulty)[2],passed
failsafe,application.DifficultyTest,bothDifficultiesDoubleWavesWhileVeryHardArrivesSooner,passed
failsafe,application.DifficultyTest,veryHardZombieKillsSooner,passed
failsafe,application.DifficultyTest,veryHardZombieClosesDistanceFaster,passed
failsafe,application.DifficultyTest,veryHardZombieNoticesPlayerThatNormalZombieIgnores,passed
failsafe,application.DifficultyTest,veryHardZombieSurvivesHitsThatKillNormalZombie,passed
failsafe,application.EnemyKamikazeTest,fallingZombieCannotUseAnotherHeadAsAPlatform,passed
failsafe,application.EnemyKamikazeTest,zombieRoutesToPitThenFallsAndSurvivorCrawlsAfterPlayer,passed
failsafe,application.EnemyKamikazeTest,disablingEnemiesStillAllowsFlashToFadeWithoutMoving,passed
failsafe,application.EnemyKamikazeTest,nonSurvivorShattersAndLeavesPersistentPiecesOutsideTheHorde,passed
failsafe,application.EnemyKamikazeTest,disabledEnemiesFreezeThePreparationClock,passed
failsafe,application.EnemyKamikazeTest,committedDescentRemembersEntranceWhenPlayerMovesAlongCave,passed
failsafe,application.EnemyKamikazeTest,aCrawlerAtBottomDoesNotPermanentlyCloseThePitEntrance,passed
failsafe,application.EnemyKamikazeTest,twoZombiesEnterPitAtDifferentTimesInsteadOfOverlapping,passed
failsafe,application.EnemyKamikazeTest,zombieWaitsFiveSecondsAtThePitLipBeforeCommitting,passed
failsafe,application.EnemyUpdateServiceIT,twoDifferentZombiesDealSeparateContactHits,passed
failsafe,application.EnemyUpdateServiceIT,firstContactHurtsImmediatelyAndFollowingHitsRespectCooldown,passed
failsafe,application.EnemyUpdateServiceIT,spawnPlacesFeetOnGroundAndFailsOutsideChunks,passed
failsafe,application.EnemyUpdateServiceIT,deadPlayerOrDisabledEnemiesFreezeAllZombies,passed
failsafe,application.EnemyUpdateServiceIT,playerMovingAwayFromPlannedGoalForcesRepath,passed
failsafe,application.EnemyUpdateServiceIT,wallBuiltDuringChaseInvalidatesRouteAndZombieWalksAround,passed
failsafe,application.EnemyUpdateServiceIT,unreachablePlayerDoesNotBusyRetryPathfinding,passed
failsafe,application.EnemyUpdateServiceIT,idleZombieFarFromPlayerNeverSearchesPaths,passed
failsafe,application.EnemyUpdateServiceIT,killedZombiesBecomeDeadThenDespawnAndCollectionDoesNotGrow,passed
failsafe,application.EnemyUpdateServiceIT,chaseMovesTowardPlayerWithoutSearchingEveryFrame,passed
failsafe,application.EnemyUpdateServiceIT,returningIntoReachCannotBypassAttackCooldown,passed
failsafe,application.EnemyWallAttackTest,zombieAtMeleeDistanceRoutesAroundWallInsteadOfFreezing,passed
failsafe,application.EnemyWallAttackTest,solidWallPreventsDamageAndRemovingItAllowsImmediateFirstContact,passed
failsafe,application.GameSessionTest,settingsKeepDifficultySnapshotAndApplyEnemyToggleImmediately,passed
failsafe,application.GameSessionTest,invalidTimeDoesNotExecuteInputOrValidateAnUnusedInput,passed
failsafe,application.GameSessionTest,allComponentsUseTheSameBoundedPositiveDelta(double)[1],passed
failsafe,application.GameSessionTest,allComponentsUseTheSameBoundedPositiveDelta(double)[2],passed
failsafe,application.GameSessionTest,allComponentsUseTheSameBoundedPositiveDelta(double)[3],passed
failsafe,application.GameSessionTest,allComponentsUseTheSameBoundedPositiveDelta(double)[4],passed
failsafe,application.GameSessionTest,allComponentsUseTheSameBoundedPositiveDelta(double)[5],passed
failsafe,application.GameSessionTest,pausedFreezesInputHordeAndEnemyTimers,passed
failsafe,application.GameSessionTest,pauseAndDeathIgnoreLookActionsAndWeaponCooldown,passed
failsafe,application.GameSessionTest,respawnConservesSelectedMaterialAndDoesNotResumeAPausedSession,passed
failsafe,application.GameSessionTest,deathFreezesAndRespawnRestoresRunningAndEnergy,passed
failsafe,application.HordeManagerTest,spawnsLandOnTheRingAroundThePlayer,passed
failsafe,application.HordeManagerTest,nextWavesBringExtraZombiesUpToTheCap,passed
failsafe,application.HordeManagerTest,nothingHappensBeforeTheFirstWaveDelay,passed
failsafe,application.HordeManagerTest,spawnsSurroundThePlayerInEveryDirection,passed
failsafe,application.HordeManagerTest,usesTheWorldSeedByDefault,passed
failsafe,application.HordeManagerTest,worldWithoutWalkableGroundKeepsEverySpawnPendingUntilGroundReturns,passed
failsafe,application.HordeManagerTest,zeroDeltaNeverAdvancesTheHorde,passed
failsafe,application.HordeManagerTest,zombiesOfOneWaveAndOfConsecutiveWavesDoNotShareSpots,passed
failsafe,application.HordeManagerTest,firstWaveSpawnsBaseCountOneIntervalApart,passed
failsafe,application.HordeManagerTest,spawnsBeyondTheWorldAreClampedToItsMarginsEvenInNegativeChunks,passed
failsafe,application.HordeManagerTest,enemiesOffFreezesTheHorde,passed
failsafe,application.HordeManagerTest,sameSeedSpawnsInTheSamePlacesAndOtherSeedDoesNot,passed
failsafe,application.HordeManagerTest,spawnsNearTheWorldEdgeStayInsideTheWorld,passed
failsafe,application.HordeManagerTest,rejectsWorldsWithoutChunks,passed
failsafe,application.HordeManagerTest,pauseDoesNotStartTheNextWaveEarly,passed
failsafe,application.HordeManagerTest,waveLastsUntilEveryZombieDiedAndDespawned,passed
failsafe,application.HordeSpawnSafetyTest,failedZeroIntervalSpawnRetriesOnNextStepWithoutLosingCountOrLooping,passed
failsafe,application.HordeSpawnSafetyTest,instantLargeWavesKeepPendingSpawnsAfterBoundedFrameBudget,passed
failsafe,application.HordeSpawnSafetyTest,playerOnEastBoundaryNeverReceivesAZombieOnTheirBody,passed
failsafe,application.LocalWorldPersistenceIT,invalidFileIsVisibleAndLoadErrorKeepsCurrentWorld(Path),passed
failsafe,application.LocalWorldPersistenceIT,quittingWithoutSaveKeepsPreviousSnapshot(Path),passed
failsafe,application.LocalWorldPersistenceIT,creationAlreadyAppearsAndSavedEditsSurviveRestart(Path),passed
failsafe,application.PersistentPursuitTest,detectedPlayerRemainsTargetAfterRunningBeyondFormerLossDistance,passed
failsafe,application.PistolServiceTest,pickupRequiresMatchingFloorHeight,passed
failsafe,application.PistolServiceTest,skippedWaveThresholdStillSpawnsOnSafeReachableActualGround,passed
failsafe,application.PistolServiceTest,onlyAppearsFromThirdWaveAndPersistsInLaterWaves,passed
failsafe,application.PistolServiceTest,undergroundPlayerStillUnlocksPickupInThirdWave,passed
failsafe,application.PistolServiceTest,wallsAndRangeProtectEnemiesAndMissNeverChangesBlocks,passed
failsafe,application.PistolServiceTest,seedControlsRandomLocationWithoutEditingWorldBlocks,passed
failsafe,application.PistolServiceTest,unownedGunCannotEquipOrFire,passed
failsafe,application.PistolServiceTest,proximityAutoEquipsAndNeverCreatesASecondPickup,passed
failsafe,application.PistolServiceTest,shotKillsNormalZombieAndCooldownPreventsInstantSecondShot,passed
failsafe,application.PlayerControlServiceTest,meleeTakesPriorityOverTheBlockBehindTheTarget,passed
failsafe,application.PlayerControlServiceTest,pistolHitAndCooldownNeverFallBackToMining,passed
failsafe,application.PlayerControlServiceTest,primaryActionWithoutEnemyRemovesTheTargetedBlock,passed
failsafe,application.PlayerControlServiceTest,selectionWinsOverPistolToggleAndRestoresMeleeInTheSameTick,passed
failsafe,application.PlayerControlServiceTest,jumpRequiresGroundAndNeverAddsASecondImpulseInTheAir,passed
failsafe,application.PlayerControlServiceTest,lookChangesMovementDirectionBeforeResolvingCollisions,passed
failsafe,application.PlayerControlServiceTest,viewSnapshotDoesNotChangeWhenControlsAdvanceOrReset,passed
failsafe,application.PlayerControlServiceTest,selectedMaterialAppliesToSecondaryActionInTheSameTick,passed
failsafe,application.PlayerControlStaminaTest,sprintDistanceAndEnergyMatchAcrossFrameRates,passed
failsafe,application.PlayerControlStaminaTest,shiftStandingStillOrOppositeKeysConsumesNothing,passed
failsafe,application.PlayerControlStaminaTest,largeDeltaIsClampedBeforeMovementAndStamina,passed
failsafe,application.PlayerControlStaminaTest,invalidDeltaRejectsBeforeChangingPlayerOrEnergy,passed
failsafe,application.PlayerControlStaminaTest,blockedByWallConsumesNothing,passed
failsafe,application.PlayerInteractionPlacementTest,cannotPlaceBlockInsideOwnBody,passed
failsafe,application.PlayerInteractionPlacementTest,canStillPlaceBlockInAdjacentFreeCell,passed
failsafe,application.SameSeedTest,sameSeedGeneratesIdenticalBlocks,passed
failsafe,application.SameSeedTest,differentSeedChangesTheTerrain,passed
failsafe,application.SaveEdgeCasesIT,playerFallingBelowTheWorldIsSavedOnTheGroundAndCanBeLoaded,passed
failsafe,application.SaveEdgeCasesIT,playerFallingOutsideEveryColumnGoesBackToTheSpawnArea,passed
failsafe,application.SaveEdgeCasesIT,deletingTheLoadedWorldWithOtherCaseUnloadsItWhenTheFileSystemIgnoresCase,passed
failsafe,application.WorldLifecycleIT,cicloCompletoConservaLosCambios(Path),passed
failsafe,application.ZombieContactRegressionTest,stationaryPlayerBehindOneLowBlockCanBeReachedOverIt,passed
failsafe,application.ZombieContactRegressionTest,stationaryPlayerNextToRaisedZombieIsHitWithoutMovingIntoIt,passed
failsafe,application.ZombieMeleeServiceTest,hitsNearestZombieInFrontWithinReach,passed
failsafe,application.ZombieMeleeServiceTest,outOfReachBehindOrDeadZombiesAreIgnored,passed
failsafe,application.ZombieMeleeServiceTest,zombieBehindWallIsNotHit,passed
failsafe,application.ZombieMeleeServiceTest,lookingDownAtZombieFeetStillCountsAsHit,passed
failsafe,application.ZombieTargetingTest,exactDiagonalCannotShootThroughSideWallCorner,passed
failsafe,application.ZombieTargetingTest,crawlerHasLowHitboxAndCanBeShotWhenAimingDown,passed
failsafe,application.ZombieTargetingTest,missingChunkAlongRayBlocksTheShotEvenWhenTargetChunkExists,passed
failsafe,application.ZombieTargetingTest,nearestAliveBoxWinsAndBodiesBehindOrBeyondReachDoNotCount,passed
failsafe,application.ZombieTargetingTest,placedAndRemovedWallImmediatelyChangesTargetWithoutCache,passed
failsafe,bootstrap.GpuPreferenceTest,storesPreferenceOutsideWorldsAndReadsNextLaunch,passed
failsafe,bootstrap.GpuPreferenceTest,mesaPreferenceUsesDocumentedDriPrimeInsteadOfNvidiaVariables,passed
failsafe,bootstrap.GpuPreferenceTest,integratedSelectionClearsInheritedNvidiaOffload,passed
failsafe,bootstrap.GpuPreferenceTest,nvidiaPrimeEnvironmentDoesNotRequestMesaDevice,passed
failsafe,bootstrap.GpuPreferenceTest,unknownPreferenceFallsBackToAuto,passed
failsafe,bootstrap.WorldDirectoryTest,jarAndIdeFindTheSameProjectWorldsDirectory(Path),passed
failsafe,domain.enemy.ZombieSeparationTest,occupiedSpawnIsRejectedAndBodyNearWallIsRejected,passed
failsafe,domain.enemy.ZombieSeparationTest,wallCannotBeCrossedWhenResolvingOverlap,passed
failsafe,domain.enemy.ZombieSeparationTest,deadBodiesDoNotBlockSpawnOrLivingBodies,passed
failsafe,domain.enemy.ZombieSeparationTest,twentyCoincidentBodiesResolveWithoutLeavingTerrain,passed
failsafe,domain.enemy.ZombieSeparationTest,coincidentPairSeparatesDeterministically,passed
failsafe,domain.enemy.ZombieSeparationTest,twentyConvergingBodiesKeepTheirDistinctHitboxes,passed
failsafe,domain.enemy.ZombieSeparationTest,corridorQueuesBodiesWithoutPassingThroughWalls,passed
failsafe,domain.world.TerrainGenerationTest,villageIsDeterministicContainedAndHasHouseDoorAndPath,passed
failsafe,domain.world.TerrainGenerationTest,layersAndHeightsRespectEachBiomeAndChunkLimits,passed
failsafe,domain.world.TerrainGenerationTest,chunksGeneratedInDifferentOrderContainTheSameBlocksEvenAcrossNegativeSeams,passed
failsafe,domain.world.TerrainGenerationTest,desertHasNoTreesAndPlainsCanGenerateThem,passed
failsafe,domain.world.TerrainGenerationTest,generatedBlocksAndAPlayerEditSurviveExistingJsonFormat,passed
failsafe,domain.world.TerrainGenerationTest,neighboringNaturalColumnsChangeGraduallyAcrossChunkBorders,passed
failsafe,loadtest.EnemyLoadHarnessIT,deadRegisteredZombiesDoNotReplaceTheTargetLivingPopulation,passed
failsafe,persistence.JsonWorldStorageTest,rechazaIdentificadoresDuplicados(Path),passed
failsafe,persistence.JsonWorldStorageTest,avisaCuandoElMundoNoExiste(Path),passed
failsafe,persistence.JsonWorldStorageTest,rechazaIdentificadoresInvalidos(Path),passed
failsafe,persistence.JsonWorldStorageTest,listadoRefleja(Path),passed
failsafe,persistence.JsonWorldStorageTest,detectaIdentificadorQueNoCoincide(Path),passed
failsafe,persistence.JsonWorldStorageTest,reescrituraConservaElContenido(Path),passed
failsafe,presentation.GameFlowSmokeIT,createsListsSavesThenReloadsAndDeletesInANewProcess(Path),passed
failsafe,presentation.GameFlowSmokeIT,invalidJsonIsReportedWithoutReplacingTheCurrentWorld(Path),passed
failsafe,presentation.GameFlowSmokeIT,cancellingDeletionKeepsTheWorldAvailableAfterRestart(Path),passed
failsafe,presentation.MainMenuSettingsTest,invalidSubmenuOptionChangesNothing,passed
failsafe,presentation.MainMenuSettingsTest,headerShowsTheCurrentEnemyOptions,passed
failsafe,presentation.MainMenuSettingsTest,submenuTogglesEachOptionAndReturns,passed
failsafe,presentation.MainMenuSettingsTest,endOfInputInsideSubmenuDoesNotHang,passed
failsafe,presentation.MainMenuSettingsTest,crudStillWorksNextToTheNewOption,passed
failsafe,presentation.game.GameWindowTextureModeTest,alternaEntreTexturasYColoresPlanos,passed
failsafe,presentation.game.VoxelGameObserverTest,cambiarBloqueEnBordeMarcaLasMallasVecinas,passed
failsafe,presentation.game.VoxelGameObserverTest,eliminarAireNoMarcaNada,passed
failsafe,presentation.game.VoxelGameObserverTest,marcaElChunkAfectado,passed
