GROUP,PACKAGE,CLASS,INSTRUCTION_MISSED,INSTRUCTION_COVERED,BRANCH_MISSED,BRANCH_COVERED,LINE_MISSED,LINE_COVERED,COMPLEXITY_MISSED,COMPLEXITY_COVERED,METHOD_MISSED,METHOD_COVERED
Minecraft 2,domain.player,PlayerLife.DeathCause,0,21,0,0,0,1,0,1,0,1
Minecraft 2,domain.player,Stamina,21,125,9,17,4,25,9,15,1,10
Minecraft 2,domain.player,Player,22,136,2,4,3,41,3,20,1,19
Minecraft 2,domain.player,MovementInput,0,57,3,5,0,15,3,9,0,8
Minecraft 2,domain.player,PlayerLife,18,203,9,15,4,50,10,14,1,11
Minecraft 2,domain.player,PlayerPhysics,0,27,0,2,0,8,0,5,0,4
Minecraft 2,domain.player,PlayerMovementService,7,135,4,10,0,18,4,6,0,3
Minecraft 2,domain.player,CollisionResolver,32,214,9,19,7,46,7,14,0,7
Minecraft 2,domain.world.biome,BiomeType,0,21,0,0,0,4,0,1,0,1
Minecraft 2,domain.world.biome,BiomeResolver,0,33,0,4,0,10,0,5,0,3
Minecraft 2,domain.world.generation,VillageGenerator,2,146,1,13,1,26,1,10,0,4
Minecraft 2,domain.world.generation,SpatialNoise,5,134,1,1,1,17,1,4,0,4
Minecraft 2,domain.world.generation,VillagePlan,2,227,5,79,1,25,5,42,0,5
Minecraft 2,domain.block,BlockType,0,51,0,0,0,9,0,1,0,1
Minecraft 2,domain.block,Block,0,21,0,0,0,6,0,3,0,3
Minecraft 2,domain,Position,0,12,0,0,0,1,0,1,0,1
Minecraft 2,domain.world,BlockChange.Type,0,15,0,0,0,3,0,1,0,1
Minecraft 2,domain.world,SimpleTerrainGenerator,0,337,2,55,0,57,2,37,0,10
Minecraft 2,domain.world,Chunk,10,104,4,4,2,24,4,12,0,12
Minecraft 2,domain.world,BlockChange,0,24,0,0,0,5,0,1,0,1
Minecraft 2,domain.world,World,26,198,5,7,5,43,7,19,2,18
Minecraft 2,domain.world,World.ChunkKey,0,17,0,0,0,2,0,2,0,2
Minecraft 2,domain.enemy,ZombiePhysics,11,336,10,38,1,54,11,21,1,7
Minecraft 2,domain.enemy,AStarPathfinder,12,272,4,24,4,56,5,16,1,6
Minecraft 2,domain.enemy,Path,23,46,4,6,4,11,6,6,2,5
Minecraft 2,domain.enemy,ZombieMovement,9,239,7,25,0,37,7,15,0,6
Minecraft 2,domain.enemy,ZombieDebris.Fragment,12,33,0,0,4,6,4,3,4,3
Minecraft 2,domain.enemy,Difficulty,0,81,0,0,0,11,0,5,0,5
Minecraft 2,domain.enemy,Zombie,33,243,3,7,6,65,5,34,2,32
Minecraft 2,domain.enemy,KamikazeDescent,8,301,7,23,2,27,7,12,0,4
Minecraft 2,domain.enemy,ZombieState,0,27,0,0,0,5,0,1,0,1
Minecraft 2,domain.enemy,NavigationGrid,10,517,12,54,2,65,12,35,0,14
Minecraft 2,domain.enemy,WaveRules,26,133,11,15,5,16,11,5,0,3
Minecraft 2,domain.enemy,ZombieDebris,16,377,6,28,3,41,6,17,0,6
Minecraft 2,domain.enemy,AStarPathfinder.OpenEntry,0,18,0,0,0,2,0,2,0,2
Minecraft 2,domain.enemy,ZombieParameters,10,77,9,9,2,5,9,2,0,2
Minecraft 2,domain.enemy,ZombieSeparation,11,334,3,61,2,36,3,36,0,7
Minecraft 2,domain.enemy,ZombieStateMachine,7,116,5,21,2,26,5,15,0,6
Minecraft 2,domain.enemy,KamikazePolicy,1,31,2,4,0,6,2,3,0,2
Minecraft 2,domain.enemy,ZombiePerception,5,22,3,3,1,3,3,1,0,1
Minecraft 2,domain.enemy,KamikazeDescent.Descent,0,12,0,0,0,1,0,1,0,1
Minecraft 2,domain.enemy,NavigationNode,14,58,0,0,1,7,1,5,1,5
Minecraft 2,domain.enemy,KamikazeDescent.Candidate,0,9,0,0,0,1,0,1,0,1
