chunks,difficulty,zombies,repetition,sim_seconds,frames,wall_seconds,update_mean_ms,update_p95_ms,update_max_ms,ticks_per_wall_s,update_capacity_ticks_per_s,zombie_updates_per_wall_s,astar_calls,astar_calls_per_sim_s,astar_expansions,avg_active,heap_mb,player_deaths,failed_ticks,error_rate,min_active,population_shortfall_ticks
100,VERY_HARD,20,1,30,1800,2.084,1.1537,2.8468,205.6200,863.8,866.8,17275,1384,46.13,96432,20.0,71,13,0,0.000000,20,0
100,VERY_HARD,20,2,30,1800,1.602,0.8864,2.5764,95.9491,1123.9,1128.2,22478,1384,46.13,96432,20.0,71,13,0,0.000000,20,0
100,VERY_HARD,20,3,30,1800,1.590,0.8804,2.5899,88.7711,1132.2,1135.8,22644,1384,46.13,96432,20.0,71,13,0,0.000000,20,0
100,VERY_HARD,40,1,30,1800,3.714,2.0596,5.3966,172.5215,484.6,485.5,19385,2716,90.53,229802,40.0,71,27,0,0.000000,40,0
100,VERY_HARD,40,2,30,1800,3.811,2.1144,5.0131,182.7254,472.3,472.9,18893,2716,90.53,229802,40.0,72,27,0,0.000000,40,0
100,VERY_HARD,40,3,30,1800,4.005,2.2217,5.2119,168.1533,449.4,450.1,17978,2716,90.53,229802,40.0,72,27,0,0.000000,40,0
100,VERY_HARD,80,1,30,1800,9.522,5.2842,9.8574,544.5353,189.0,189.2,15123,5602,186.73,520175,80.0,71,55,0,0.000000,80,0
100,VERY_HARD,80,2,30,1800,9.990,5.5429,9.8288,379.9855,180.2,180.4,14415,5602,186.73,520175,80.0,72,55,0,0.000000,80,0
100,VERY_HARD,80,3,30,1800,7.391,4.1030,7.0475,311.4023,243.5,243.7,19483,5602,186.73,520175,80.0,72,55,0,0.000000,80,0
100,VERY_HARD,160,1,30,1800,19.011,10.5541,60.3834,516.2749,94.7,94.8,15149,11990,399.67,1174588,160.0,72,69,0,0.000000,160,0
100,VERY_HARD,160,2,30,1800,17.994,9.9908,54.8349,444.5904,100.0,100.1,16006,11990,399.67,1174588,160.0,72,69,0,0.000000,160,0
100,VERY_HARD,160,3,30,1800,17.686,9.8189,59.8932,373.8081,101.8,101.8,16284,11990,399.67,1174588,160.0,72,69,0,0.000000,160,0
